elapsed_seconds,generation,target_gen_per_s,actual_gen_per_s,fps,alive,chunks,frame_ms,ms_per_generation,alive_per_chunk,frame_budget_usage_pct
7.801,3405349,60,43.844,5.174,283815,32814,193.278,22.808,8.649,1159.665
8.839,3405409,60,57.784,3.653,283820,34586,273.777,17.306,8.206,1642.663
9.964,3405478,60,61.332,4.363,283824,34588,229.190,16.305,8.206,1375.140
11.092,3405544,60,58.500,4.307,283835,34587,232.200,17.094,8.206,1393.200
12.161,3405604,60,56.117,3.729,283840,32816,268.189,17.820,8.649,1609.132
13.228,3405664,60,56.261,3.755,283845,34589,266.291,17.774,8.206,1597.745
14.300,3405724,60,55.939,3.744,283850,32818,267.098,17.877,8.649,1602.587
15.377,3405784,60,55.751,3.770,283855,34590,265.225,17.937,8.206,1591.352
16.440,3405844,60,56.400,3.773,283860,32818,265.052,17.731,8.650,1590.311
17.503,3405904,60,56.458,3.785,283865,34592,264.188,17.712,8.206,1585.126
18.563,3405964,60,56.603,3.773,283870,32820,265.075,17.667,8.649,1590.450
19.623,3406024,60,56.612,3.761,283875,34593,265.910,17.664,8.206,1595.460
20.691,3406084,60,56.191,3.728,283880,32820,268.234,17.796,8.650,1609.402
21.752,3406144,60,56.557,3.761,283885,34595,265.870,17.681,8.206,1595.219
22.800,3406204,60,57.255,3.863,283890,32822,258.853,17.466,8.649,1553.118
23.830,3406264,60,58.246,3.871,283895,34596,258.326,17.168,8.206,1549.959
24.888,3406324,60,56.703,3.767,283900,32822,265.479,17.636,8.650,1592.874
25.932,3406384,60,57.469,3.814,283905,34597,262.205,17.401,8.206,1573.233
26.963,3406444,60,58.220,3.881,283910,32824,257.698,17.176,8.649,1546.189
27.984,3406504,60,58.746,3.890,283915,34599,257.070,17.022,8.206,1542.419
29.002,3406564,60,58.933,3.952,283920,32824,253.056,16.968,8.650,1518.333
30.014,3406624,60,59.269,3.971,283925,34600,251.829,16.872,8.206,1510.974
31.214,3406696,60,60.007,4.207,283926,34601,237.706,16.665,8.206,1426.237
32.215,3406756,60,59.947,4.001,283931,32828,249.932,16.681,8.649,1499.590
33.432,3406829,60,60.011,4.206,283948,32826,237.729,16.664,8.650,1426.372
34.567,3406898,60,60.792,4.346,283943,34603,230.101,16.450,8.206,1380.608
35.685,3406965,60,59.890,4.427,283961,32828,225.872,16.697,8.650,1355.232
36.771,3407031,60,60.798,4.700,283958,34605,212.746,16.448,8.206,1276.479
37.784,3407093,60,61.206,4.829,283959,32829,207.082,16.338,8.650,1242.494
38.866,3407159,60,60.960,5.550,283959,34604,180.185,16.404,8.206,1081.108
40.018,3407229,60,60.805,6.064,283974,32831,164.895,16.446,8.650,989.372
41.052,3407292,60,60.938,6.751,283982,32832,148.127,16.410,8.650,888.762
42.119,3407357,60,60.870,7.607,283988,32832,131.452,16.428,8.650,788.712
43.170,3407421,60,60.944,8.764,283982,32833,114.105,16.409,8.649,684.631
44.242,3407486,60,60.613,8.602,283996,34608,116.255,16.498,8.206,697.528
45.315,3407551,60,60.552,9.976,284006,34608,100.239,16.515,8.206,601.434
46.367,3407615,60,60.872,12.147,284003,34610,82.324,16.428,8.206,493.945
47.430,3407679,60,60.193,15.216,284008,34610,65.720,16.613,8.206,394.320
48.473,3407738,60,56.556,14.832,284013,34612,67.424,17.682,8.206,404.543
49.540,3407803,60,60.918,8.480,284022,34611,117.927,16.416,8.206,707.561
50.571,3407866,60,61.117,9.899,284033,34611,101.023,16.362,8.206,606.136
51.586,3407928,60,61.076,12.230,284028,34612,81.767,16.373,8.206,490.601
52.615,3407990,60,60.255,14.988,284036,34615,66.721,16.596,8.206,400.327
53.681,3408054,60,60.060,14.939,284043,34614,66.939,16.650,8.206,401.636
54.738,3408118,60,60.535,15.179,284044,34613,65.881,16.519,8.206,395.288
55.741,3408178,60,59.816,15.096,284049,34615,66.244,16.718,8.206,397.464
56.749,3408239,60,60.521,20.051,284049,34615,49.873,16.523,8.206,299.238
57.805,3408302,60,59.649,15.016,284059,34617,66.596,16.765,8.206,399.578
58.869,3408366,60,60.162,15.115,284069,34617,66.161,16.622,8.206,396.967
59.879,3408427,60,60.412,17.490,284074,34618,57.177,16.553,8.206,343.060
60.922,3408490,60,60.376,20.087,284082,34620,49.784,16.563,8.206,298.704
61.922,3408550,60,59.990,20.054,284087,34619,49.866,16.669,8.206,299.199
62.950,3408612,60,60.348,22.615,284092,32844,44.219,16.570,8.650,265.316
63.985,3408674,60,59.884,24.336,284090,34621,41.091,16.699,8.206,246.545
64.988,3408734,60,59.818,20.692,284095,34620,48.328,16.717,8.206,289.969
65.990,3408794,60,59.867,20.127,284100,34623,49.685,16.704,8.206,298.112
66.993,3408854,60,59.820,19.941,284105,34621,50.147,16.717,8.206,300.882
67.994,3408914,60,59.948,19.975,284110,34623,50.063,16.681,8.206,300.380
69.044,3408977,60,60.017,20.055,284123,34623,49.864,16.662,8.206,299.183
70.093,3409040,60,60.041,19.977,284116,34625,50.057,16.655,8.206,300.341
71.096,3409100,60,59.848,20.087,284121,32849,49.783,16.709,8.649,298.699
72.140,3409163,60,60.339,20.101,284130,34625,49.749,16.573,8.206,298.496
73.168,3409225,60,60.319,20.146,284136,34626,49.637,16.579,8.206,297.823
74.168,3409285,60,59.964,25.100,284141,32851,39.841,16.677,8.649,239.044
75.208,3409346,60,58.653,20.262,284151,34627,49.353,17.049,8.206,296.119
76.266,3409408,60,58.598,12.323,284155,34627,81.147,17.065,8.206,486.882
77.336,3409473,60,60.759,12.151,284162,34628,82.300,16.459,8.206,493.802
78.365,3409535,60,60.281,13.093,284163,34630,76.375,16.589,8.206,458.248
79.426,3409599,60,60.269,15.209,284168,34629,65.750,16.592,8.206,394.503
80.434,3409660,60,60.555,15.191,284175,32854,65.831,16.514,8.650,394.983
81.468,3409722,60,59.937,16.379,284179,34630,61.054,16.684,8.206,366.325
82.521,3409785,60,59.825,16.779,284196,34632,59.599,16.715,8.206,357.592
83.585,3409849,60,60.154,15.003,284190,34632,66.654,16.624,8.206,399.925
84.620,3409911,60,59.889,15.590,284198,34633,64.143,16.698,8.206,384.860
85.685,3409975,60,60.141,16.381,284197,34633,61.048,16.628,8.206,366.287
86.713,3410037,60,60.305,20.073,284201,32859,49.818,16.582,8.649,298.908
87.761,3410100,60,60.078,20.121,284204,32859,49.699,16.645,8.649,298.193
88.767,3410160,60,59.670,19.980,284209,34634,50.049,16.759,8.206,300.296
89.783,3410221,60,60.009,19.218,284216,32860,52.034,16.664,8.649,312.202
90.823,3410284,60,60.605,20.139,284230,32861,49.655,16.500,8.649,297.930
91.873,3410347,60,60.007,19.962,284234,34638,50.095,16.665,8.206,300.568
92.919,3410410,60,60.228,20.044,284242,34637,49.890,16.604,8.206,299.341
93.934,3410471,60,60.062,24.379,284246,34638,41.019,16.649,8.206,246.113
94.952,3410532,60,59.936,27.103,284252,32864,36.897,16.684,8.649,221.380
96.054,3410592,60,54.434,7.735,284257,34640,129.276,18.371,8.206,775.658
97.183,3410656,60,56.700,4.837,284256,34640,206.721,17.637,8.206,1240.328
98.257,3410717,60,56.820,5.099,284268,32865,196.129,17.600,8.650,1176.772
99.471,3410791,60,60.921,4.091,284276,34642,244.464,16.415,8.206,1466.786
100.585,3410859,60,61.075,4.602,284273,34644,217.306,16.373,8.206,1303.836
101.598,3410921,60,61.188,4.869,284278,34641,205.381,16.343,8.206,1232.288
102.675,3410987,60,61.291,5.576,284285,34644,179.345,16.316,8.206,1076.072
103.769,3411054,60,61.256,6.275,284293,34644,159.365,16.325,8.206,956.192
104.866,3411121,60,61.038,7.387,284291,34645,135.366,16.383,8.206,812.199
105.933,3411185,60,60.029,7.427,284316,34645,134.647,16.658,8.207,807.883
106.998,3411250,60,61.007,8.678,284312,34647,115.238,16.391,8.206,691.425
108.014,3411312,60,61.019,10.147,284317,34646,98.552,16.388,8.206,591.313
109.035,3411374,60,60.707,11.443,284315,34648,87.386,16.473,8.206,524.317
110.059,3411436,60,60.551,12.923,284321,32871,77.383,16.515,8.650,464.297
111.114,3411500,60,60.703,15.082,284321,32872,66.303,16.474,8.649,397.819
112.126,3411561,60,60.277,18.693,284327,34651,53.495,16.590,8.205,320.969
113.166,3411624,60,60.535,20.131,284343,34651,49.675,16.519,8.206,298.047
114.170,3411684,60,59.773,19.899,284348,32873,50.254,16.730,8.650,301.523
115.175,3411744,60,59.689,19.881,284353,34652,50.299,16.753,8.206,301.792
116.222,3411807,60,60.200,15.915,284354,34651,62.833,16.611,8.206,376.998
117.233,3411867,60,59.360,19.882,284359,34654,50.297,16.846,8.206,301.779
118.242,3411928,60,60.426,15.668,284365,34652,63.823,16.549,8.206,382.937
119.288,3411991,60,60.218,20.132,284376,34653,49.673,16.606,8.206,298.035
120.296,3412051,60,59.560,19.917,284381,34654,50.210,16.790,8.206,301.257
121.303,3412112,60,60.578,20.218,284386,34655,49.462,16.508,8.206,296.770
122.342,3412174,60,59.679,16.718,284385,34657,59.814,16.756,8.206,358.886
123.342,3412234,60,59.948,19.999,284390,34655,50.002,16.681,8.206,300.010
124.397,3412297,60,59.743,20.137,284391,34658,49.660,16.738,8.206,297.960
125.441,3412360,60,60.327,16.505,284400,34658,60.589,16.576,8.206,363.532
126.507,3412423,60,59.116,15.023,284407,34658,66.566,16.916,8.206,399.395
127.568,3412487,60,60.291,15.161,284410,34658,65.960,16.586,8.206,395.761
128.609,3412550,60,60.571,17.079,284416,34661,58.550,16.510,8.206,351.301
129.623,3412611,60,60.124,19.996,284423,34660,50.009,16.632,8.206,300.054
130.672,3412674,60,60.069,20.084,284428,34662,49.791,16.647,8.206,298.743
131.719,3412737,60,60.169,20.195,284426,34661,49.518,16.620,8.206,297.110
132.719,3412797,60,59.970,20.052,284431,32886,49.871,16.675,8.649,299.225
133.769,3412860,60,60.048,19.836,284434,32886,50.414,16.653,8.649,302.481
134.769,3412920,60,59.995,19.955,284439,34663,50.113,16.668,8.206,300.676
135.770,3412980,60,59.895,20.073,284444,32886,49.818,16.696,8.649,298.908
136.773,3413040,60,59.859,20.101,284449,34664,49.748,16.706,8.206,298.489
137.817,3413103,60,60.329,20.111,284464,34665,49.724,16.576,8.206,298.342
138.862,3413166,60,60.282,20.090,284469,34667,49.775,16.589,8.206,298.649
139.912,3413229,60,60.026,21.182,284474,32887,47.209,16.659,8.650,283.254
140.929,3413290,60,59.961,23.205,284482,34668,43.093,16.677,8.206,258.560
141.952,3413351,60,59.625,24.517,284486,34668,40.788,16.771,8.206,244.731
142.952,3413411,60,59.982,20.025,284491,34670,49.937,16.672,8.206,299.620
143.953,3413471,60,59.975,19.881,284496,34668,50.299,16.674,8.206,301.795
145.000,3413534,60,60.179,20.035,284495,34670,49.913,16.617,8.206,299.477
146.010,3413594,60,59.379,19.620,284500,34671,50.969,16.841,8.206,305.815
147.012,3413654,60,59.907,19.841,284505,34672,50.400,16.692,8.206,302.403
148.045,3413716,60,60.019,19.894,284511,32894,50.267,16.661,8.649,301.605
149.058,3413777,60,60.218,19.484,284523,34672,51.324,16.606,8.206,307.945
150.107,3413840,60,60.022,19.970,284516,34673,50.074,16.661,8.206,300.445
151.108,3413894,60,53.987,11.820,284525,34674,84.603,18.523,8.206,507.621
152.260,3413960,60,57.257,5.120,284526,34674,195.297,17.465,8.206,1171.784
153.386,3414024,60,56.865,4.490,284543,34674,222.729,17.585,8.206,1336.375
154.570,3414096,60,60.810,4.223,284544,34676,236.818,16.445,8.206,1420.909
155.668,3414163,60,61.001,4.685,284552,34676,213.440,16.393,8.206,1280.641
156.705,3414226,60,60.764,4.652,284563,34677,214.982,16.457,8.206,1289.895
157.817,3414294,60,61.170,5.412,284563,34677,184.768,16.348,8.206,1108.610
158.832,3414356,60,61.041,5.924,284563,32901,168.793,16.383,8.649,1012.760
159.937,3414423,60,60.630,6.399,284574,34680,156.274,16.494,8.206,937.644
160.979,3414486,60,60.502,6.723,284579,34679,148.746,16.528,8.206,892.473
161.993,3414548,60,61.139,7.657,284587,32901,130.593,16.356,8.650,783.560
163.032,3414611,60,60.609,8.630,284591,34681,115.881,16.499,8.206,695.284
164.095,3414676,60,61.159,10.193,284591,32904,98.111,16.351,8.649,588.665
165.163,3414741,60,60.846,12.202,284592,32903,81.951,16.435,8.649,491.704
166.220,3414805,60,60.536,15.055,284601,32904,66.423,16.519,8.649,398.539
167.245,3414867,60,60.540,15.698,284609,34683,63.704,16.518,8.206,382.221
168.286,3414930,60,60.491,20.211,284619,34684,49.477,16.531,8.206,296.862
169.331,3414993,60,60.313,23.676,284622,34684,42.237,16.580,8.206,253.423
170.364,3415055,60,60.018,20.747,284623,34686,48.200,16.662,8.206,289.200
171.382,3415116,60,59.913,21.192,284629,32906,47.187,16.691,8.650,283.119
172.432,3415179,60,59.975,21.294,284633,34688,46.962,16.674,8.206,281.774
173.447,3415240,60,60.083,29.916,284640,34686,33.427,16.644,8.206,200.564
174.455,3415300,60,59.570,19.843,284645,32909,50.397,16.787,8.649,302.381
175.498,3415363,60,60.362,20.204,284652,34688,49.496,16.567,8.206,296.976
176.508,3415423,60,59.439,21.552,284657,34689,46.399,16.824,8.206,278.391
177.533,3415484,60,59.502,19.696,284664,32910,50.771,16.806,8.650,304.625
178.579,3415547,60,60.203,15.055,284665,34689,66.423,16.611,8.206,398.536
179.580,3415607,60,59.953,20.042,284670,34690,49.896,16.680,8.206,299.378
180.586,3415667,60,59.653,20.059,284675,34691,49.852,16.764,8.206,299.114
181.650,3415731,60,60.128,14.976,284683,34692,66.775,16.631,8.206,400.649
182.714,3415795,60,60.165,14.947,284682,34693,66.901,16.621,8.206,401.407
183.763,3415858,60,60.047,15.066,284689,34693,66.374,16.654,8.206,398.244
184.796,3415920,60,60.047,19.754,284689,34693,50.623,16.654,8.206,303.738
185.820,3415980,60,58.580,19.766,284694,32916,50.592,17.071,8.649,303.549
186.846,3416042,60,60.440,12.202,284704,34693,81.955,16.545,8.206,491.732
187.901,3416106,60,60.671,15.267,284714,34696,65.502,16.482,8.206,393.014
188.944,3416169,60,60.416,20.113,284719,34698,49.719,16.552,8.206,298.313
189.961,3416230,60,59.978,17.309,284727,34697,57.773,16.673,8.206,346.640
191.001,3416293,60,60.532,20.200,284731,32918,49.506,16.520,8.650,297.034
192.013,3416354,60,60.275,21.544,284730,34699,46.416,16.591,8.206,278.496
193.032,3416415,60,59.871,21.934,284740,34698,45.591,16.703,8.206,273.545
194.048,3416476,60,60.064,27.980,284741,32922,35.740,16.649,8.649,214.440
195.086,3416538,60,59.740,22.263,284745,34699,44.917,16.739,8.206,269.500
196.095,3416598,60,59.422,19.878,284750,34701,50.308,16.829,8.206,301.847
197.138,3416661,60,60.431,20.082,284752,32922,49.796,16.548,8.649,298.776
198.141,3416721,60,59.835,19.893,284757,34703,50.268,16.713,8.206,301.606
199.187,3416784,60,60.204,19.971,284773,34703,50.072,16.610,8.206,300.435
200.235,3416847,60,60.115,20.017,284774,34703,49.956,16.635,8.206,299.739
201.240,3416907,60,59.736,19.970,284779,34704,50.075,16.740,8.206,300.448
202.281,3416970,60,60.487,20.173,284789,34705,49.570,16.532,8.206,297.421
203.281,3417030,60,59.984,22.511,284794,34704,44.423,16.671,8.206,266.540
204.283,3417090,60,59.886,19.955,284799,34705,50.114,16.698,8.206,300.684
205.287,3417150,60,59.768,20.064,284804,34706,49.842,16.731,8.206,299.050
206.294,3417210,60,59.617,19.920,284809,34707,50.200,16.774,8.206,301.197
207.341,3417273,60,60.159,20.051,284812,34707,49.874,16.623,8.206,299.243
208.385,3417336,60,60.322,20.143,284814,34708,49.645,16.578,8.206,297.868
209.436,3417399,60,59.935,19.955,284818,34708,50.113,16.685,8.206,300.678
210.483,3417462,60,60.211,21.907,284824,34710,45.648,16.608,8.206,273.890
211.485,3417522,60,59.831,22.256,284829,34710,44.932,16.714,8.206,269.590
212.502,3417583,60,60.029,21.795,284837,34710,45.882,16.659,8.206,275.289
213.503,3417643,60,59.921,19.846,284842,34711,50.389,16.689,8.206,302.335
214.552,3417706,60,60.055,20.159,284853,34713,49.605,16.651,8.206,297.632
215.556,3417766,60,59.777,19.895,284858,34713,50.264,16.729,8.206,301.585
216.624,3417828,60,58.040,11.904,284853,32933,84.006,17.230,8.649,504.038
217.662,3417891,60,60.695,12.158,284863,34714,82.252,16.476,8.206,493.514
218.672,3417952,60,60.389,14.612,284873,34715,68.435,16.559,8.206,410.608
219.698,3418014,60,60.423,15.221,284873,34716,65.701,16.550,8.206,394.205
220.722,3418076,60,60.552,20.160,284873,32936,49.602,16.515,8.649,297.612
221.768,3418139,60,60.229,20.014,284874,34716,49.964,16.603,8.206,299.784
222.800,3418201,60,60.102,23.937,284881,34717,41.776,16.638,8.206,250.658
223.814,3418262,60,60.151,21.269,284889,34719,47.017,16.625,8.206,282.101
224.855,3418324,60,59.550,19.753,284900,32938,50.625,16.793,8.650,303.748
225.900,3418387,60,60.279,20.071,284904,34719,49.823,16.590,8.206,298.940
226.905,3418447,60,59.708,19.868,284909,34720,50.333,16.748,8.206,301.999
227.952,3418510,60,60.160,19.850,284917,34720,50.377,16.622,8.206,302.261
228.999,3418573,60,60.206,20.044,284921,32941,49.890,16.610,8.649,299.340
230.000,3418633,60,59.909,20.081,284926,34720,49.799,16.692,8.206,298.794
231.049,3418696,60,60.061,19.961,284926,34722,50.098,16.650,8.206,300.589
232.098,3418759,60,60.061,24.370,284927,34724,41.034,16.650,8.205,246.206
233.100,3418819,60,59.856,19.960,284932,34723,50.100,16.707,8.206,300.603
234.149,3418882,60,60.073,21.847,284942,34724,45.773,16.646,8.206,274.640
235.164,3418943,60,60.075,19.957,284945,34725,50.109,16.646,8.206,300.651
236.198,3419005,60,60.000,22.531,284951,32945,44.383,16.667,8.649,266.298
237.244,3419067,60,59.239,20.354,284959,34726,49.130,16.881,8.206,294.779
238.289,3419130,60,60.302,20.076,284969,34725,49.811,16.583,8.206,298.868
239.332,3419193,60,60.416,20.176,284972,34726,49.563,16.552,8.206,297.376
240.353,3419252,60,57.768,20.052,284981,32947,49.870,17.311,8.650,299.218
241.358,3419304,60,51.746,6.650,284983,34729,150.370,19.325,8.206,902.220
242.379,3419362,60,56.786,4.029,284982,34729,248.171,17.610,8.206,1489.024
243.500,3419421,60,52.667,3.368,284982,32948,296.925,18.987,8.649,1781.553
244.693,3419494,60,61.193,4.185,284995,34732,238.963,16.342,8.206,1433.780
245.788,3419561,60,61.159,4.710,284998,34731,212.302,16.351,8.206,1273.810
246.799,3419622,60,60.366,4.980,285004,34730,200.804,16.566,8.206,1204.824
247.875,3419679,60,52.975,3.600,285008,34732,277.762,18.877,8.206,1666.574
249.076,3419724,60,37.459,2.464,285018,32951,405.904,26.696,8.650,2435.425
250.366,3419769,60,34.896,2.431,285019,34734,411.320,28.656,8.206,2467.919
251.507,3419814,60,39.409,2.898,285023,34734,345.009,25.375,8.206,2070.051
252.577,3419859,60,42.071,2.896,285023,34735,345.330,23.770,8.206,2071.978
253.622,3419904,60,43.050,2.927,285033,34734,341.666,23.229,8.206,2049.995
254.816,3419964,60,50.273,3.394,285038,32954,294.626,19.892,8.650,1767.757
256.037,3420024,60,49.128,3.247,285043,34736,307.945,20.355,8.206,1847.671
257.343,3420084,60,45.930,3.196,285048,32955,312.895,21.772,8.650,1877.369
258.517,3420144,60,51.138,3.482,285053,34736,287.204,19.555,8.206,1723.224
259.684,3420204,60,51.392,3.430,285058,32956,291.553,19.458,8.650,1749.316
260.812,3420264,60,53.216,3.548,285063,34739,281.888,18.791,8.206,1691.330
261.964,3420324,60,52.067,3.437,285068,32958,290.976,19.206,8.649,1745.854
263.195,3420384,60,48.747,3.350,285073,34739,298.507,20.514,8.206,1791.041
264.451,3420444,60,47.764,3.217,285078,32958,310.887,20.936,8.650,1865.323
265.733,3420504,60,46.802,3.139,285083,34741,318.586,21.367,8.206,1911.517
266.953,3420564,60,49.181,3.308,285088,32960,302.300,20.333,8.650,1813.800
268.144,3420624,60,50.387,3.351,285093,34742,298.456,19.846,8.206,1790.735
269.317,3420684,60,51.145,3.441,285098,32960,290.634,19.552,8.650,1743.806
270.516,3420744,60,50.043,3.376,285103,34743,296.180,19.983,8.206,1777.082
271.736,3420804,60,49.163,3.277,285108,32962,305.185,20.341,8.650,1831.110
272.895,3420864,60,51.774,3.465,285113,34744,288.636,19.315,8.206,1731.815
274.054,3420924,60,51.776,3.468,285118,32962,288.362,19.314,8.650,1730.173
275.212,3420984,60,51.829,3.475,285123,34745,287.802,19.294,8.206,1726.813
276.361,3421044,60,52.211,3.473,285128,32964,287.902,19.153,8.650,1727.413
277.542,3421104,60,50.786,3.424,285133,34747,292.067,19.690,8.206,1752.400
278.725,3421164,60,50.738,3.301,285138,32964,302.981,19.709,8.650,1817.885
279.926,3421224,60,49.977,3.316,285143,34748,301.542,20.009,8.206,1809.251
281.130,3421284,60,49.831,3.195,285148,32967,313.011,20.068,8.649,1878.067
282.280,3421344,60,52.158,3.460,285153,34750,288.995,19.173,8.206,1733.971
283.485,3421404,60,49.789,3.237,285158,32967,308.919,20.085,8.650,1853.516
284.649,3421464,60,51.546,3.451,285163,34750,289.800,19.400,8.206,1738.799
285.824,3421524,60,51.070,3.456,285168,32969,289.380,19.581,8.650,1736.281
287.033,3421584,60,49.627,3.284,285173,34752,304.534,20.150,8.206,1827.201
288.196,3421644,60,51.568,3.472,285178,32970,287.987,19.392,8.650,1727.923
289.340,3421704,60,52.447,3.505,285183,34752,285.333,19.067,8.206,1711.999
290.536,3421764,60,50.170,3.336,285188,32971,299.716,19.932,8.650,1798.297
291.732,3421824,60,50.171,3.324,285193,34754,300.826,19.932,8.206,1804.958
292.939,3421884,60,49.706,3.240,285198,32972,308.659,20.118,8.650,1851.954
294.127,3421944,60,50.511,3.445,285203,34754,290.289,19.798,8.206,1741.735
295.310,3422004,60,50.712,3.198,285208,32973,312.669,19.719,8.650,1876.012
296.461,3422064,60,52.144,3.468,285213,34756,288.376,19.178,8.206,1730.259
297.769,3422124,60,45.875,2.929,285218,32975,341.414,21.798,8.650,2048.485
298.779,3422169,60,44.567,3.041,285219,34757,328.791,22.438,8.206,1972.743
299.995,3422229,60,49.328,3.254,285224,32975,307.336,20.273,8.650,1844.015
301.078,3422289,60,55.378,3.804,285229,34759,262.893,18.058,8.206,1577.357
302.156,3422349,60,55.702,3.623,285234,32977,276.040,17.953,8.649,1656.242
303.202,3422409,60,57.320,3.850,285239,34760,259.729,17.446,8.206,1558.374
304.245,3422469,60,57.548,3.837,285244,32977,260.642,17.377,8.650,1563.850
305.306,3422529,60,56.556,3.792,285249,34762,263.693,17.682,8.206,1582.160
306.365,3422589,60,56.637,3.855,285254,32979,259.411,17.656,8.650,1556.469
307.433,3422649,60,56.182,3.755,285259,34763,266.276,17.799,8.206,1597.657
308.477,3422709,60,57.491,3.871,285264,32979,258.340,17.394,8.650,1550.039
309.528,3422769,60,57.088,3.807,285269,34764,262.670,17.517,8.206,1576.020
310.569,3422829,60,57.642,3.859,285274,32981,259.145,17.348,8.650,1554.869
311.618,3422889,60,57.201,3.842,285279,34766,260.270,17.482,8.206,1561.621
312.679,3422949,60,56.526,3.807,285284,32981,262.683,17.691,8.650,1576.096
313.729,3423009,60,57.129,3.821,285289,34767,261.718,17.504,8.206,1570.310
314.757,3423069,60,58.373,3.876,285294,32983,258.021,17.131,8.650,1548.124
315.796,3423129,60,57.757,3.844,285299,34769,260.153,17.314,8.206,1560.920
316.864,3423189,60,56.176,3.774,285304,32984,264.989,17.801,8.650,1589.932
317.985,3423249,60,53.534,3.616,285309,34769,276.544,18.680,8.206,1659.264
319.088,3423309,60,54.379,3.602,285314,32985,277.591,18.389,8.650,1665.544
320.184,3423369,60,54.778,3.669,285319,34771,272.556,18.256,8.206,1635.336
321.282,3423429,60,54.625,3.656,285324,32986,273.527,18.307,8.650,1641.161
322.369,3423489,60,55.228,3.692,285329,34771,270.878,18.107,8.206,1625.270
323.473,3423549,60,54.303,3.645,285334,32988,274.322,18.415,8.650,1645.934
324.589,3423609,60,53.806,3.613,285339,34773,276.774,18.585,8.206,1660.644
325.710,3423669,60,53.502,3.547,285344,32989,281.909,18.691,8.650,1691.455
326.830,3423729,60,53.569,3.578,285349,34773,279.449,18.668,8.206,1676.697
327.977,3423789,60,52.299,3.436,285354,32990,291.057,19.121,8.650,1746.341
329.117,3423849,60,52.657,3.483,285359,34776,287.077,18.991,8.206,1722.465
330.245,3423909,60,53.165,3.557,285364,32992,281.157,18.810,8.649,1686.943
331.377,3423969,60,53.032,3.551,285369,34776,281.617,18.856,8.206,1689.702
332.501,3424029,60,53.357,3.569,285374,32992,280.192,18.742,8.650,1681.154
333.625,3424089,60,53.412,3.593,285379,34778,278.296,18.722,8.206,1669.776
334.751,3424149,60,53.250,3.564,285384,32994,280.552,18.779,8.650,1683.312
335.883,3424209,60,53.018,3.510,285389,34779,284.936,18.862,8.206,1709.616
337.014,3424269,60,53.070,3.484,285394,32994,286.997,18.843,8.650,1721.980
338.119,3424329,60,54.269,3.599,285399,34780,277.880,18.427,8.206,1667.278
339.468,3424389,60,44.495,3.113,285404,32996,321.204,22.474,8.650,1927.223
340.723,3424449,60,47.806,3.093,285409,34781,323.359,20.918,8.206,1940.155
342.003,3424509,60,46.852,2.824,285414,32996,354.136,21.344,8.650,2124.817
343.064,3424569,60,56.546,3.715,285419,34782,269.163,17.685,8.206,1614.976
344.088,3424629,60,58.642,3.924,285424,32998,254.811,17.053,8.650,1528.866
345.109,3424689,60,58.754,3.927,285429,34784,254.623,17.020,8.206,1527.740
346.136,3424749,60,58.402,3.889,285434,32998,257.107,17.123,8.650,1542.640
347.171,3424809,60,58.005,3.920,285439,34785,255.083,17.240,8.206,1530.500
348.255,3424869,60,55.348,3.695,285444,33001,270.633,18.068,8.650,1623.799
349.314,3424929,60,56.641,3.821,285449,34787,261.692,17.655,8.206,1570.155
350.355,3424989,60,57.626,3.816,285454,33001,262.037,17.353,8.650,1572.222
351.390,3425049,60,57.994,3.853,285459,34787,259.569,17.243,8.206,1557.414
352.431,3425109,60,57.609,3.784,285464,33003,264.304,17.359,8.650,1585.821
353.447,3425169,60,59.077,3.958,285469,34789,252.651,16.927,8.206,1515.906
354.483,3425229,60,57.907,3.889,285474,33004,257.150,17.269,8.650,1542.899
355.538,3425289,60,56.870,3.880,285479,34789,257.706,17.584,8.206,1546.234
356.579,3425349,60,57.658,3.820,285484,33005,261.805,17.344,8.650,1570.833
357.662,3425409,60,55.363,3.712,285489,34791,269.408,18.062,8.206,1616.448
358.704,3425469,60,57.589,3.896,285494,33006,256.668,17.365,8.650,1540.009
359.740,3425529,60,57.941,3.901,285499,34791,256.344,17.259,8.206,1538.064
360.764,3425589,60,58.599,3.887,285504,33007,257.296,17.065,8.650,1543.774
361.782,3425649,60,58.916,3.957,285509,34793,252.723,16.973,8.206,1516.336
362.801,3425709,60,58.904,3.923,285514,33009,254.894,16.977,8.650,1529.364
363.815,3425769,60,59.170,3.974,285519,34793,251.608,16.900,8.206,1509.649
364.842,3425829,60,58.398,3.893,285524,33010,256.851,17.124,8.650,1541.109
365.858,3425889,60,59.050,3.949,285529,34795,253.199,16.935,8.206,1519.194
366.891,3425949,60,58.076,3.906,285534,33012,256.040,17.219,8.649,1536.242
367.943,3426009,60,57.039,3.855,285539,34796,259.374,17.532,8.206,1556.243
368.968,3426069,60,58.574,3.842,285544,33012,260.266,17.072,8.650,1561.594
370.017,3426129,60,57.167,3.861,285549,34798,258.986,17.493,8.206,1553.918
371.060,3426189,60,57.526,3.881,285554,33014,257.686,17.384,8.649,1546.115
372.087,3426249,60,58.444,3.835,285559,34799,260.776,17.110,8.206,1564.659
373.098,3426309,60,59.336,3.956,285564,33014,252.778,16.853,8.650,1516.667
374.100,3426369,60,59.864,3.990,285569,34801,250.643,16.704,8.206,1503.857
375.126,3426429,60,58.511,3.894,285574,33016,256.786,17.091,8.650,1540.715
376.217,3426489,60,55.003,3.436,285579,34802,291.076,18.181,8.206,1746.458
377.252,3426549,60,57.955,3.842,285584,33016,260.309,17.255,8.650,1561.852
378.300,3426609,60,57.255,3.733,285589,34803,267.868,17.466,8.206,1607.211
379.314,3426669,60,59.156,3.985,285594,33018,250.970,16.904,8.650,1505.818
380.339,3426729,60,58.542,3.928,285599,34805,254.607,17.082,8.206,1527.644
381.383,3426789,60,57.485,3.864,285604,33018,258.788,17.396,8.650,1552.729
382.402,3426849,60,58.888,3.945,285609,34806,253.463,16.981,8.206,1520.779
383.420,3426909,60,58.936,3.978,285614,33020,251.369,16.967,8.650,1508.214
384.448,3426969,60,58.361,3.875,285619,34808,258.049,17.135,8.206,1548.294
385.468,3427029,60,58.822,3.928,285624,33021,254.609,17.000,8.650,1527.651
386.486,3427089,60,58.903,3.956,285629,34808,252.796,16.977,8.206,1516.775
387.520,3427149,60,58.078,3.872,285634,33022,258.250,17.218,8.650,1549.499
388.562,3427209,60,57.563,3.853,285639,34810,259.527,17.372,8.206,1557.165
389.576,3427269,60,59.138,3.970,285644,33023,251.869,16.910,8.650,1511.216
390.670,3427329,60,54.872,3.765,285649,34810,265.573,18.224,8.206,1593.440
391.953,3427389,60,46.762,3.105,285654,33025,322.059,21.385,8.650,1932.352
393.069,3427449,60,53.740,3.786,285659,34812,264.122,18.608,8.206,1584.730
394.307,3427509,60,48.484,3.321,285664,33026,301.147,20.625,8.650,1806.881
395.348,3427569,60,57.612,3.850,285669,34812,259.761,17.357,8.206,1558.569
396.391,3427629,60,57.566,3.798,285674,33027,263.293,17.372,8.650,1579.757
397.436,3427689,60,57.373,3.808,285679,34815,262.595,17.430,8.206,1575.570
398.487,3427749,60,57.090,3.785,285684,33029,264.187,17.516,8.649,1585.121
399.542,3427809,60,56.870,3.748,285689,34815,266.783,17.584,8.206,1600.700
400.588,3427869,60,57.386,3.831,285694,33029,261.048,17.426,8.650,1566.289
401.616,3427929,60,58.360,3.909,285699,34817,255.819,17.135,8.206,1534.913
402.640,3427989,60,58.582,3.907,285704,33031,255.921,17.070,8.650,1535.526
403.673,3428049,60,58.093,3.906,285709,34818,256.006,17.214,8.206,1536.034
404.709,3428109,60,57.913,3.864,285714,33031,258.794,17.267,8.650,1552.766
405.743,3428169,60,58.041,3.862,285719,34819,258.936,17.229,8.206,1553.615
406.757,3428229,60,59.158,3.958,285724,33033,252.631,16.904,8.650,1515.788
407.772,3428289,60,59.151,3.971,285729,34820,251.819,16.906,8.206,1510.917
408.804,3428349,60,58.111,3.967,285734,33033,252.050,17.208,8.650,1512.303
409.859,3428409,60,56.882,3.723,285739,34821,268.596,17.580,8.206,1611.576
410.902,3428469,60,57.528,3.784,285744,33035,264.269,17.383,8.650,1585.612
411.946,3428529,60,57.448,3.800,285749,34823,263.172,17.407,8.206,1579.033
412.973,3428589,60,58.465,3.828,285754,33035,261.210,17.104,8.650,1567.263
414.018,3428649,60,57.381,3.852,285759,34824,259.599,17.428,8.206,1557.595
415.086,3428709,60,56.210,3.738,285764,33038,267.532,17.790,8.650,1605.190
416.118,3428769,60,58.133,3.896,285769,34826,256.649,17.202,8.206,1539.892
417.148,3428829,60,58.214,3.932,285774,33038,254.355,17.178,8.650,1526.129
418.236,3428889,60,55.172,3.604,285779,34826,277.470,18.125,8.206,1664.820
419.295,3428949,60,56.651,3.711,285784,33040,269.461,17.652,8.650,1616.766
420.327,3429009,60,58.148,3.835,285789,34828,260.774,17.197,8.206,1564.641
421.412,3429069,60,55.302,3.951,285794,33041,253.091,18.082,8.650,1518.544
422.455,3429129,60,57.491,3.810,285799,34828,262.473,17.394,8.206,1574.839
423.491,3429189,60,57.946,3.904,285804,33042,256.159,17.257,8.650,1536.951
424.512,3429249,60,58.732,3.926,285809,34830,254.702,17.026,8.206,1528.213
425.554,3429309,60,57.590,3.870,285814,33043,258.430,17.364,8.650,1550.580
426.579,3429369,60,58.532,3.913,285819,34830,255.565,17.085,8.206,1533.390
427.599,3429429,60,58.846,3.965,285824,33044,252.188,16.994,8.650,1513.128
428.624,3429489,60,58.529,3.916,285829,34832,255.378,17.086,8.206,1532.268
429.668,3429549,60,57.487,3.888,285834,33046,257.199,17.395,8.650,1543.194
430.705,3429609,60,57.834,3.889,285839,34832,257.151,17.291,8.206,1542.908
431.734,3429669,60,58.339,3.914,285844,33047,255.471,17.141,8.650,1532.826
432.763,3429729,60,58.297,3.901,285849,34834,256.352,17.154,8.206,1538.113
433.793,3429789,60,58.259,3.896,285854,33049,256.692,17.165,8.649,1540.153
434.827,3429849,60,58.031,3.856,285859,34835,259.312,17.232,8.206,1555.871
435.848,3429909,60,58.754,3.885,285864,33049,257.372,17.020,8.650,1544.231
436.862,3429969,60,59.166,3.924,285869,34837,254.852,16.902,8.206,1529.109
437.871,3430029,60,59.494,3.970,285874,33051,251.907,16.808,8.649,1511.444
438.886,3430089,60,59.086,3.894,285879,34838,256.773,16.925,8.206,1540.640
439.889,3430148,60,58.820,3.934,285887,33051,254.168,17.001,8.650,1525.005
440.924,3430208,60,57.979,3.828,285892,34840,261.225,17.248,8.206,1567.348
441.953,3430268,60,58.285,3.899,285897,33053,256.497,17.157,8.650,1538.983
442.966,3430328,60,59.237,3.919,285902,34841,255.189,16.881,8.206,1531.131
443.973,3430388,60,59.600,3.964,285907,33053,252.268,16.778,8.650,1513.609
444.987,3430448,60,59.153,3.968,285912,34842,252.029,16.905,8.206,1512.173
446.021,3430508,60,58.029,3.908,285917,33055,255.896,17.233,8.650,1535.378
447.039,3430568,60,58.973,3.943,285922,34844,253.605,16.957,8.206,1521.629
448.049,3430628,60,59.371,3.979,285927,33055,251.338,16.843,8.650,1508.028
449.065,3430688,60,59.070,3.952,285932,34845,253.041,16.929,8.206,1518.244
450.076,3430748,60,59.333,3.939,285937,33057,253.858,16.854,8.650,1523.151
451.147,3430808,60,56.019,3.705,285942,34847,269.899,17.851,8.206,1619.396
452.212,3430868,60,56.333,3.695,285947,33058,270.605,17.752,8.650,1623.628
453.247,3430928,60,57.973,3.938,285952,34847,253.939,17.249,8.206,1523.632
454.286,3430988,60,57.751,3.857,285957,33059,259.268,17.316,8.650,1555.607
455.312,3431048,60,58.481,3.834,285962,34849,260.815,17.100,8.206,1564.890
456.347,3431108,60,57.984,3.883,285967,33060,257.543,17.246,8.650,1545.259
457.400,3431168,60,56.968,3.972,285972,34849,251.738,17.554,8.206,1510.428
458.423,3431228,60,58.697,3.832,285977,33062,260.970,17.037,8.650,1565.820
459.448,3431288,60,58.517,3.919,285982,34851,255.185,17.089,8.206,1531.109
460.470,3431348,60,58.711,3.916,285987,33063,255.373,17.033,8.650,1532.237
461.489,3431408,60,58.870,3.898,285992,34851,256.564,16.986,8.206,1539.387
462.500,3431468,60,59.364,3.951,285997,33064,253.126,16.845,8.650,1518.759
463.505,3431528,60,59.658,3.945,286002,34854,253.516,16.762,8.206,1521.094
464.758,3431603,60,59.860,4.001,286000,34854,249.943,16.706,8.206,1499.655
465.763,3431663,60,59.739,3.982,286005,34853,251.117,16.739,8.206,1506.702
466.806,3431723,60,57.507,3.787,286010,34855,264.042,17.389,8.206,1584.251
467.849,3431783,60,57.542,3.883,286015,34856,257.548,17.379,8.206,1545.291
468.889,3431843,60,57.707,3.821,286020,34857,261.708,17.329,8.206,1570.249
469.894,3431903,60,59.667,3.977,286025,34856,251.444,16.760,8.206,1508.662
470.938,3431963,60,57.455,3.839,286030,34857,260.461,17.405,8.206,1562.767
471.967,3432023,60,58.311,3.915,286035,34858,255.457,17.149,8.206,1532.742
472.983,3432083,60,59.095,3.932,286040,34859,254.296,16.922,8.206,1525.774
474.003,3432143,60,58.810,3.911,286045,34859,255.684,17.004,8.206,1534.106
475.011,3432203,60,59.494,3.953,286050,34859,252.952,16.808,8.206,1517.710
476.019,3432263,60,59.570,3.977,286055,34860,251.438,16.787,8.206,1508.631
477.027,3432323,60,59.494,3.941,286060,34861,253.758,16.808,8.206,1522.547
478.049,3432383,60,58.699,3.934,286065,34861,254.218,17.036,8.206,1525.310
479.081,3432443,60,58.181,3.949,286070,34861,253.232,17.188,8.206,1519.391
480.093,3432503,60,59.293,3.949,286075,34862,253.243,16.866,8.206,1519.459
481.327,3432563,60,48.610,3.131,286080,34863,319.389,20.572,8.206,1916.334
482.443,3432623,60,53.746,3.952,286085,34864,253.053,18.606,8.206,1518.317
483.678,3432683,60,48.608,2.979,286090,34863,335.657,20.573,8.206,2013.940
484.728,3432743,60,57.112,3.826,286095,34865,261.346,17.510,8.206,1568.076
485.773,3432803,60,57.400,3.857,286100,34865,259.273,17.422,8.206,1555.637
486.818,3432863,60,57.466,3.835,286105,34867,260.787,17.402,8.206,1564.722
487.851,3432923,60,58.064,3.899,286110,34866,256.456,17.222,8.206,1538.733
488.894,3432983,60,57.499,3.754,286115,34867,266.395,17.392,8.206,1598.372
489.908,3433043,60,59.172,3.968,286120,34868,252.031,16.900,8.206,1512.185
490.924,3433103,60,59.083,3.929,286125,34869,254.513,16.925,8.206,1527.079
491.958,3433163,60,57.995,3.825,286130,34869,261.409,17.243,8.206,1568.456
492.980,3433223,60,58.757,3.949,286135,34869,253.250,17.019,8.206,1519.502
494.045,3433283,60,56.341,3.754,286140,34871,266.416,17.749,8.206,1598.497
495.071,3433343,60,58.465,3.935,286145,34871,254.103,17.104,8.206,1524.616
496.129,3433403,60,56.704,3.616,286150,34872,276.573,17.635,8.206,1659.438
497.140,3433463,60,59.325,3.972,286155,34871,251.777,16.856,8.206,1510.661
498.192,3433523,60,57.026,3.749,286160,34873,266.747,17.536,8.206,1600.482
499.254,3433583,60,56.549,3.857,286165,34873,259.297,17.684,8.206,1555.779
500.303,3433643,60,57.196,3.915,286170,34875,255.402,17.484,8.206,1532.414
501.326,3433703,60,58.630,3.907,286175,34873,255.953,17.056,8.206,1535.720
502.352,3433763,60,58.471,3.858,286180,34876,259.211,17.102,8.206,1555.266
503.375,3433823,60,58.634,3.909,286185,34875,255.808,17.055,8.206,1534.849
504.407,3433883,60,58.184,3.847,286190,34878,259.920,17.187,8.205,1559.522
505.432,3433943,60,58.501,3.943,286195,34876,253.591,17.094,8.206,1521.547
506.447,3434003,60,59.102,3.984,286200,34878,251.014,16.920,8.206,1506.083
507.477,3434063,60,58.278,3.866,286205,34878,258.698,17.159,8.206,1552.186
508.511,3434123,60,58.036,3.878,286210,34880,257.847,17.231,8.206,1547.084
509.551,3434183,60,57.662,3.858,286215,34879,259.171,17.342,8.206,1555.026
510.586,3434243,60,57.983,3.810,286220,34880,262.463,17.247,8.206,1574.776
511.615,3434303,60,58.311,3.944,286225,34881,253.546,17.149,8.206,1521.277
512.622,3434363,60,59.568,3.971,286230,34882,251.803,16.787,8.206,1510.816
513.639,3434423,60,59.017,3.957,286235,34882,252.711,16.944,8.206,1516.265
514.651,3434483,60,59.262,3.938,286240,34882,253.911,16.874,8.206,1523.466
515.656,3434543,60,59.751,3.992,286245,34883,250.470,16.736,8.206,1502.822
516.657,3434603,60,59.944,4.006,286250,34885,249.620,16.682,8.206,1497.722
517.669,3434663,60,59.279,3.995,286255,34885,250.340,16.869,8.206,1502.037
518.706,3434723,60,57.819,3.843,286260,34885,260.236,17.295,8.206,1561.419
519.767,3434783,60,56.587,3.741,286265,34886,267.316,17.672,8.206,1603.894
520.795,3434843,60,58.349,3.833,286270,34887,260.905,17.138,8.206,1565.431
521.811,3434903,60,59.070,3.933,286275,34888,254.229,16.929,8.206,1525.375
523.073,3434977,60,58.641,3.895,286281,34888,256.734,17.053,8.206,1540.402
524.092,3435037,60,58.849,3.925,286286,33098,254.784,16.993,8.650,1528.702
525.340,3435111,60,59.322,3.979,286298,34891,251.340,16.857,8.205,1508.040
526.365,3435171,60,58.490,3.932,286303,34890,254.307,17.097,8.206,1525.842
527.394,3435231,60,58.322,3.915,286308,34891,255.423,17.146,8.206,1532.539
528.420,3435291,60,58.468,3.905,286313,34890,256.090,17.103,8.206,1536.538
529.436,3435351,60,59.079,3.912,286318,34893,255.600,16.927,8.206,1533.597
530.478,3435411,60,57.594,3.831,286323,34892,261.056,17.363,8.206,1566.335
531.499,3435471,60,58.763,3.963,286328,34894,252.352,17.017,8.206,1514.114
532.536,3435531,60,57.831,3.870,286333,34892,258.416,17.292,8.206,1550.494
533.563,3435591,60,58.469,3.915,286338,34895,255.410,17.103,8.206,1532.462
534.591,3435651,60,58.354,3.915,286343,34894,255.408,17.137,8.206,1532.446
535.619,3435711,60,58.374,3.875,286348,34896,258.081,17.131,8.206,1548.486
536.629,3435771,60,59.392,3.992,286353,34894,250.485,16.837,8.206,1502.911
537.669,3435831,60,57.678,3.800,286358,34897,263.183,17.338,8.206,1579.095
538.691,3435891,60,58.692,3.871,286363,34896,258.341,17.038,8.206,1550.048
539.731,3435951,60,57.703,3.863,286368,34899,258.889,17.330,8.206,1553.333
540.814,3436011,60,55.416,3.585,286373,34896,278.919,18.045,8.206,1673.511
541.841,3436071,60,58.418,3.893,286378,34900,256.850,17.118,8.206,1541.102
542.870,3436131,60,58.292,3.893,286383,34898,256.854,17.155,8.206,1541.125
543.889,3436191,60,58.921,3.924,286388,34902,254.819,16.972,8.205,1528.915
544.904,3436251,60,59.108,3.923,286393,34899,254.922,16.918,8.206,1529.534
545.925,3436311,60,58.762,3.898,286398,34902,256.551,17.018,8.206,1539.308
546.940,3436371,60,59.119,3.919,286403,34901,255.169,16.915,8.206,1531.012
547.951,3436431,60,59.328,3.951,286408,34904,253.128,16.855,8.206,1518.769
548.977,3436491,60,58.499,3.885,286413,34902,257.402,17.094,8.206,1544.415
550.013,3436551,60,57.872,3.890,286418,34904,257.071,17.280,8.206,1542.428
551.030,3436611,60,59.037,3.932,286423,34904,254.303,16.938,8.206,1525.820
552.041,3436671,60,59.346,3.962,286428,34906,252.417,16.850,8.206,1514.503
553.056,3436731,60,59.082,3.932,286433,34905,254.301,16.926,8.206,1525.807
554.067,3436791,60,59.383,3.950,286438,34906,253.190,16.840,8.206,1519.137
555.092,3436851,60,58.506,3.917,286443,34906,255.274,17.092,8.206,1531.642
556.096,3436911,60,59.780,3.968,286448,34908,252.015,16.728,8.206,1512.092
557.110,3436971,60,59.156,3.923,286453,34908,254.909,16.905,8.206,1529.452
558.131,3437031,60,58.776,3.892,286458,34908,256.912,17.014,8.206,1541.470
559.150,3437091,60,58.853,3.949,286463,34909,253.252,16.991,8.206,1519.512
560.165,3437151,60,59.169,3.942,286468,34910,253.665,16.901,8.206,1521.988
561.174,3437211,60,59.460,3.940,286473,34911,253.789,16.818,8.206,1522.734
562.221,3437271,60,57.274,3.837,286478,34911,260.632,17.460,8.206,1563.794
563.281,3437331,60,56.592,3.786,286483,34911,264.112,17.670,8.206,1584.672
564.344,3437391,60,56.459,3.744,286488,34913,267.100,17.712,8.206,1602.598
565.381,3437451,60,57.891,3.867,286493,34913,258.575,17.274,8.206,1551.449
566.389,3437511,60,59.513,3.977,286498,34914,251.463,16.803,8.206,1508.780
567.436,3437571,60,57.312,3.766,286503,34913,265.534,17.448,8.206,1593.207
568.459,3437631,60,58.614,3.981,286508,34916,251.178,17.061,8.206,1507.068
569.531,3437691,60,55.968,3.664,286513,34915,272.941,17.867,8.206,1637.647
570.545,3437751,60,59.194,3.957,286518,34917,252.739,16.894,8.206,1516.432
571.621,3437811,60,55.758,3.677,286523,34915,271.959,17.934,8.206,1631.752
572.667,3437871,60,57.369,3.751,286528,34918,266.615,17.431,8.206,1599.691
573.702,3437931,60,57.989,3.858,286533,34918,259.205,17.245,8.206,1555.233
574.718,3437991,60,59.009,3.948,286538,34920,253.280,16.946,8.206,1519.678
575.731,3438051,60,59.265,3.938,286543,34918,253.906,16.873,8.206,1523.435
576.769,3438111,60,57.769,3.941,286548,34921,253.760,17.310,8.206,1522.562
577.802,3438171,60,58.090,3.908,286553,34920,255.879,17.215,8.206,1535.275
578.843,3438231,60,57.626,3.840,286558,34923,260.406,17.353,8.205,1562.437
579.890,3438291,60,57.310,3.780,286563,34921,264.535,17.449,8.206,1587.211
580.908,3438351,60,58.951,3.945,286568,34923,253.464,16.963,8.206,1520.782
581.950,3438411,60,57.576,3.834,286573,34922,260.848,17.368,8.206,1565.086
582.984,3438471,60,58.045,3.927,286578,34925,254.639,17.228,8.206,1527.832
584.289,3438531,60,45.984,3.087,286583,34923,323.918,21.747,8.206,1943.507
585.454,3438591,60,51.498,3.315,286588,34925,301.648,19.418,8.206,1809.886
586.707,3438651,60,47.869,2.913,286593,34924,343.271,20.890,8.206,2059.627
587.741,3438711,60,58.059,3.836,286598,34927,260.659,17.224,8.206,1563.954
588.759,3438771,60,58.927,3.959,286603,34926,252.570,16.970,8.206,1515.423
589.803,3438831,60,57.488,3.810,286608,34927,262.497,17.395,8.206,1574.981
590.853,3438891,60,57.140,3.806,286613,34927,262.721,17.501,8.206,1576.324
591.882,3438951,60,58.270,3.870,286618,34930,258.400,17.162,8.205,1550.401
592.896,3439011,60,59.192,3.936,286623,34929,254.044,16.894,8.206,1524.262
593.927,3439071,60,58.220,3.878,286628,34930,257.841,17.176,8.206,1547.049
594.945,3439131,60,58.900,3.933,286633,34929,254.238,16.978,8.206,1525.430
595.992,3439191,60,57.342,3.803,286638,34932,262.955,17.439,8.206,1577.729
597.053,3439251,60,56.552,3.783,286643,34931,264.373,17.683,8.206,1586.238
598.081,3439311,60,58.334,3.849,286648,34933,259.802,17.143,8.206,1558.814
599.113,3439371,60,58.172,3.848,286653,34931,259.908,17.191,8.206,1559.446
600.155,3439431,60,57.574,3.798,286658,34934,263.275,17.369,8.206,1579.649
601.218,3439491,60,56.448,3.760,286663,34933,265.956,17.715,8.206,1595.737
602.256,3439551,60,57.798,3.907,286668,34935,255.941,17.302,8.206,1535.646
603.325,3439611,60,56.094,3.632,286673,34933,275.306,17.827,8.206,1651.838
604.367,3439671,60,57.599,3.865,286678,34936,258.740,17.361,8.206,1552.441
605.394,3439731,60,58.427,3.897,286683,34935,256.580,17.115,8.206,1539.481
606.449,3439791,60,56.874,3.820,286688,34938,261.781,17.583,8.206,1570.688
607.479,3439851,60,58.260,3.910,286693,34935,255.735,17.164,8.206,1534.407
608.514,3439911,60,57.973,3.829,286698,34939,261.155,17.249,8.206,1566.933
609.544,3439971,60,58.246,3.872,286703,34937,258.259,17.168,8.206,1549.556
610.575,3440031,60,58.200,3.907,286708,34941,255.950,17.182,8.205,1535.701
611.605,3440091,60,58.244,3.851,286713,34938,259.646,17.169,8.206,1557.874
612.627,3440151,60,58.688,3.912,286718,34941,255.603,17.039,8.206,1533.616
613.661,3440211,60,58.061,3.814,286723,34940,262.163,17.223,8.206,1572.975
614.697,3440271,60,57.890,3.794,286728,34943,263.548,17.274,8.206,1581.290
615.745,3440331,60,57.273,3.775,286733,34941,264.894,17.460,8.206,1589.365
616.772,3440391,60,58.388,3.890,286738,34943,257.084,17.127,8.206,1542.504
617.803,3440451,60,58.229,3.870,286743,34943,258.379,17.174,8.206,1550.273
618.819,3440511,60,59.036,3.990,286748,34945,250.652,16.939,8.206,1503.913
619.856,3440571,60,57.873,3.833,286753,34944,260.887,17.279,8.206,1565.324
620.882,3440631,60,58.492,3.909,286758,34945,255.805,17.096,8.206,1534.833
621.915,3440691,60,58.076,3.913,286763,34945,255.564,17.219,8.206,1533.384
622.949,3440751,60,57.993,3.843,286768,34947,260.217,17.244,8.206,1561.300
623.972,3440811,60,58.652,3.945,286773,34947,253.511,17.050,8.206,1521.068
625.004,3440871,60,58.168,3.834,286778,34947,260.801,17.192,8.206,1564.804
626.051,3440931,60,57.292,3.828,286783,34948,261.248,17.455,8.206,1567.487
627.074,3440991,60,58.659,3.881,286788,34949,257.695,17.048,8.206,1546.172
628.104,3441051,60,58.277,3.845,286793,34950,260.066,17.159,8.206,1560.396
629.131,3441111,60,58.401,3.897,286798,34950,256.624,17.123,8.206,1539.742
630.175,3441171,60,57.468,3.792,286803,34950,263.695,17.401,8.206,1582.167
631.241,3441231,60,56.263,3.627,286808,34952,275.731,17.774,8.206,1654.388
632.286,3441291,60,57.466,3.835,286813,34952,260.750,17.402,8.206,1564.502
633.330,3441351,60,57.438,3.864,286818,34953,258.781,17.410,8.206,1552.688
634.374,3441411,60,57.456,3.757,286823,34952,266.155,17.405,8.206,1596.929
635.383,3441471,60,59.491,3.988,286828,34955,250.744,16.809,8.206,1504.464
636.406,3441531,60,58.634,3.893,286833,34954,256.881,17.055,8.206,1541.287
637.459,3441591,60,56.981,3.746,286838,34956,266.949,17.550,8.206,1601.696
638.553,3441651,60,54.863,3.793,286843,34954,263.670,18.227,8.206,1582.021
639.834,3441711,60,46.835,3.140,286848,34957,318.461,21.351,8.206,1910.765
640.928,3441771,60,54.844,3.910,286853,34957,255.748,18.234,8.206,1534.486
641.930,3441816,60,44.921,3.087,286854,34959,323.910,22.261,8.205,1943.459
642.972,3441876,60,57.568,3.862,286859,33164,258.940,17.371,8.650,1553.641
643.998,3441936,60,58.488,3.881,286864,34959,257.678,17.097,8.206,1546.066
645.017,3441996,60,58.892,3.883,286869,33165,257.518,16.980,8.650,1545.108
646.054,3442056,60,57.835,3.883,286874,34961,257.549,17.291,8.206,1545.291
647.082,3442116,60,58.345,3.896,286879,33166,256.691,17.139,8.650,1540.147
648.121,3442176,60,57.778,3.892,286884,34961,256.955,17.307,8.206,1541.733
649.180,3442236,60,56.625,3.831,286889,33168,261.053,17.660,8.650,1566.318
650.216,3442296,60,57.918,3.849,286894,34963,259.791,17.266,8.206,1558.749
651.251,3442356,60,57.975,3.886,286899,33169,257.318,17.249,8.650,1543.907
652.286,3442416,60,57.974,3.840,286904,34963,260.394,17.249,8.206,1562.365
653.335,3442476,60,57.218,3.836,286909,33170,260.672,17.477,8.650,1564.030
654.385,3442536,60,57.141,3.846,286914,34966,260.026,17.501,8.206,1560.154
655.409,3442596,60,58.616,3.932,286919,33172,254.304,17.060,8.649,1525.825
656.472,3442656,60,56.416,3.745,286924,34966,267.054,17.725,8.206,1602.324
657.525,3442716,60,56.972,3.798,286929,33172,263.275,17.553,8.650,1579.650
658.580,3442776,60,56.881,3.837,286934,34968,260.621,17.580,8.206,1563.724
659.618,3442836,60,57.800,3.784,286939,33174,264.282,17.301,8.650,1585.693
660.662,3442896,60,57.505,3.865,286944,34969,258.765,17.390,8.206,1552.591
661.741,3442956,60,55.565,3.795,286949,33174,263.509,17.997,8.650,1581.056
662.796,3443016,60,56.905,3.750,286954,34970,266.661,17.573,8.206,1599.967
663.860,3443076,60,56.378,3.762,286959,33176,265.801,17.738,8.650,1594.806
664.914,3443136,60,56.906,3.738,286964,34971,267.527,17.573,8.206,1605.165
665.973,3443196,60,56.665,3.666,286969,33176,272.778,17.648,8.650,1636.671
667.019,3443256,60,57.363,3.794,286974,34972,263.582,17.433,8.206,1581.493
668.075,3443316,60,56.803,3.787,286979,33178,264.058,17.605,8.650,1584.346
669.143,3443376,60,56.201,3.805,286984,34974,262.812,17.793,8.206,1576.870
670.200,3443436,60,56.794,3.721,286989,33178,268.721,17.607,8.650,1612.325
671.234,3443496,60,58.002,3.851,286994,34975,259.656,17.241,8.206,1557.938
672.282,3443556,60,57.273,3.772,286999,33181,265.108,17.460,8.649,1590.648
673.322,3443616,60,57.656,3.833,287004,34977,260.887,17.344,8.206,1565.323
674.350,3443676,60,58.393,3.930,287009,33181,254.441,17.125,8.650,1526.649
675.386,3443736,60,57.913,3.814,287014,34977,262.205,17.267,8.206,1573.227
676.461,3443796,60,55.784,3.699,287019,33183,270.371,17.926,8.650,1622.225
677.522,3443856,60,56.594,3.778,287024,34979,264.686,17.670,8.206,1588.114
678.595,3443916,60,55.871,3.712,287029,33184,269.412,17.898,8.650,1616.470
679.666,3443976,60,56.034,3.813,287034,34979,262.272,17.846,8.206,1573.634
680.711,3444036,60,57.457,3.860,287039,33185,259.093,17.404,8.650,1554.559
681.752,3444096,60,57.627,3.938,287044,34981,253.920,17.353,8.206,1523.520
682.783,3444156,60,58.193,3.824,287049,33186,261.517,17.184,8.650,1569.104
683.814,3444216,60,58.175,3.868,287054,34981,258.550,17.190,8.206,1551.302
684.849,3444276,60,57.952,3.859,287059,33187,259.117,17.256,8.650,1554.702
685.926,3444336,60,55.727,3.591,287064,34983,278.442,17.945,8.206,1670.655
686.984,3444396,60,56.703,3.807,287069,33189,262.685,17.636,8.650,1576.110
688.032,3444456,60,57.289,3.795,287074,34983,263.539,17.455,8.206,1581.234
689.075,3444516,60,57.510,3.806,287079,33190,262.718,17.388,8.650,1576.305
690.127,3444576,60,57.042,3.811,287084,34985,262.402,17.531,8.206,1574.412
691.180,3444636,60,56.972,3.809,287089,33192,262.562,17.553,8.649,1575.370
692.231,3444696,60,57.089,3.787,287094,34986,264.038,17.516,8.206,1584.226
693.282,3444756,60,57.067,3.795,287099,33192,263.499,17.523,8.650,1580.994
694.317,3444816,60,57.999,3.879,287104,34988,257.803,17.242,8.206,1546.820
695.361,3444876,60,57.455,3.826,287109,33194,261.366,17.405,8.649,1568.194
696.409,3444936,60,57.284,3.862,287114,34989,258.936,17.457,8.206,1553.614
697.453,3444996,60,57.461,3.826,287119,33194,261.375,17.403,8.650,1568.248
698.495,3445056,60,57.556,3.808,287124,34991,262.620,17.375,8.206,1575.722
699.535,3445116,60,57.679,3.839,287129,33196,260.501,17.337,8.650,1563.004
700.581,3445176,60,57.411,3.778,287134,34992,264.681,17.418,8.206,1588.088
701.616,3445236,60,57.939,3.850,287139,33196,259.719,17.260,8.650,1558.313
702.659,3445296,60,57.536,3.852,287144,34993,259.591,17.380,8.206,1557.546
703.693,3445356,60,58.041,3.881,287149,33198,257.683,17.229,8.650,1546.099
704.724,3445416,60,58.155,3.874,287154,34995,258.120,17.195,8.206,1548.718
705.776,3445476,60,57.043,3.827,287159,33198,261.323,17.531,8.650,1567.940
706.816,3445536,60,57.695,3.880,287164,34996,257.764,17.332,8.206,1546.586
707.837,3445596,60,58.786,3.922,287169,33200,254.987,17.011,8.650,1529.922
708.867,3445656,60,58.265,3.860,287174,34998,259.091,17.163,8.205,1554.548
709.915,3445716,60,57.222,3.825,287179,33201,261.424,17.476,8.650,1568.546
710.976,3445776,60,56.569,3.776,287184,34998,264.800,17.678,8.206,1588.799
712.013,3445836,60,57.831,3.890,287189,33202,257.037,17.292,8.650,1542.224
713.048,3445896,60,58.004,3.871,287194,35000,258.327,17.240,8.206,1549.959
714.077,3445956,60,58.285,3.854,287199,33203,259.497,17.157,8.650,1556.980
715.122,3446016,60,57.427,3.868,287204,35000,258.508,17.413,8.206,1551.048
716.162,3446076,60,57.691,3.824,287209,33205,261.507,17.334,8.650,1569.041
717.213,3446136,60,57.114,3.808,287214,35002,262.601,17.509,8.206,1575.607
718.267,3446196,60,56.892,3.767,287219,33206,265.469,17.577,8.650,1592.812
719.330,3446256,60,56.457,3.734,287224,35002,267.806,17.713,8.206,1606.839
720.430,3446316,60,54.555,3.616,287229,33207,276.582,18.330,8.650,1659.494
721.509,3446376,60,55.574,3.788,287234,35005,264.018,17.994,8.206,1584.106
722.543,3446436,60,58.020,3.872,287239,33209,258.239,17.235,8.649,1549.433
723.590,3446496,60,57.335,3.776,287244,35005,264.852,17.441,8.206,1589.109
724.642,3446556,60,57.012,3.783,287249,33209,264.314,17.540,8.650,1585.885
725.690,3446616,60,57.285,3.844,287254,35007,260.154,17.457,8.206,1560.923
726.738,3446676,60,57.234,3.836,287259,33211,260.664,17.472,8.650,1563.985
727.771,3446736,60,58.117,3.881,287264,35008,257.675,17.207,8.206,1546.049
728.801,3446796,60,58.251,3.890,287269,33211,257.095,17.167,8.650,1542.572
729.824,3446856,60,58.651,3.919,287274,35009,255.199,17.050,8.206,1531.195
730.884,3446916,60,56.588,3.745,287279,33213,267.057,17.672,8.650,1602.343
731.926,3446976,60,57.572,3.832,287284,35010,260.960,17.370,8.206,1565.762
732.962,3447036,60,57.900,3.895,287289,33213,256.768,17.271,8.650,1540.610
733.995,3447096,60,58.081,3.867,287294,35011,258.623,17.217,8.206,1551.737
735.024,3447156,60,58.326,3.875,287299,33215,258.039,17.145,8.650,1548.234
736.060,3447216,60,57.911,3.895,287304,35013,256.760,17.268,8.206,1540.559
737.089,3447276,60,58.328,3.892,287309,33215,256.906,17.144,8.650,1541.439
738.137,3447336,60,57.255,3.824,287314,35014,261.522,17.466,8.206,1569.130
739.177,3447396,60,57.684,3.805,287319,33218,262.816,17.336,8.649,1576.894
740.213,3447456,60,57.919,3.880,287324,35016,257.752,17.265,8.206,1546.513
741.264,3447516,60,57.076,3.853,287329,33218,259.517,17.521,8.650,1557.103
742.289,3447576,60,58.527,3.904,287334,35016,256.165,17.086,8.206,1536.988
743.338,3447636,60,57.229,3.789,287339,33220,263.936,17.474,8.650,1583.616
744.370,3447696,60,58.116,3.855,287344,35018,259.371,17.207,8.206,1556.225
745.402,3447756,60,58.152,3.920,287349,33221,255.076,17.196,8.650,1530.457
746.435,3447816,60,58.068,3.904,287354,35018,256.130,17.221,8.206,1536.777
747.474,3447876,60,57.766,3.799,287359,33222,263.202,17.311,8.650,1579.213
748.512,3447936,60,57.810,3.878,287364,35020,257.869,17.298,8.206,1547.213
749.553,3447996,60,57.612,3.799,287369,33223,263.213,17.357,8.650,1579.276
750.595,3448056,60,57.581,3.831,287374,35020,261.048,17.367,8.206,1566.289
751.687,3448116,60,54.963,3.831,287379,33224,261.029,18.194,8.650,1566.174
752.735,3448176,60,57.219,3.753,287384,35022,266.488,17.477,8.206,1598.929
753.803,3448236,60,56.200,3.786,287389,33226,264.136,17.794,8.650,1584.819
754.869,3448296,60,56.266,3.749,287394,35022,266.768,17.773,8.206,1600.605
755.906,3448356,60,57.897,3.843,287399,33227,260.187,17.272,8.650,1561.124
756.954,3448416,60,57.222,3.805,287404,35024,262.796,17.476,8.206,1576.774
757.991,3448476,60,57.854,3.834,287409,33229,260.837,17.285,8.649,1565.019
759.026,3448536,60,57.967,3.874,287414,35025,258.155,17.251,8.206,1548.932
760.074,3448596,60,57.291,3.818,287419,33229,261.940,17.455,8.650,1571.641
761.117,3448656,60,57.499,3.832,287424,35027,260.934,17.392,8.206,1565.605
762.161,3448716,60,57.452,3.823,287429,33231,261.570,17.406,8.649,1569.422
763.205,3448776,60,57.512,3.849,287434,35028,259.821,17.388,8.206,1558.928
764.265,3448836,60,56.613,3.787,287439,33231,264.075,17.664,8.650,1584.450
765.320,3448896,60,56.859,3.835,287444,35030,260.726,17.587,8.206,1564.353
766.366,3448956,60,57.357,3.824,287449,33233,261.476,17.435,8.650,1568.853
767.421,3449016,60,56.879,3.802,287454,35031,262.990,17.581,8.206,1577.943
768.478,3449076,60,56.760,3.762,287459,33233,265.820,17.618,8.650,1594.918
769.542,3449136,60,56.389,3.764,287464,35032,265.703,17.734,8.206,1594.217
770.592,3449196,60,57.121,3.785,287469,33235,264.195,17.507,8.650,1585.172
771.650,3449256,60,56.738,3.795,287474,35034,263.501,17.625,8.206,1581.003
772.718,3449316,60,56.178,3.755,287479,33235,266.340,17.801,8.650,1598.040
773.785,3449376,60,56.233,3.741,287484,35035,267.298,17.783,8.206,1603.788
774.854,3449436,60,56.138,3.764,287489,33237,265.654,17.813,8.650,1593.923
775.934,3449496,60,55.526,3.639,287494,35037,274.767,18.009,8.205,1648.599
777.004,3449556,60,56.094,3.733,287499,33238,267.887,17.827,8.650,1607.322
778.102,3449616,60,54.621,3.655,287504,35037,273.593,18.308,8.206,1641.557
779.208,3449676,60,54.277,3.634,287509,33239,275.169,18.424,8.650,1651.013
780.305,3449736,60,54.667,3.662,287514,35039,273.038,18.292,8.206,1638.229
781.421,3449796,60,53.777,3.551,287519,33240,281.629,18.595,8.650,1689.776
782.514,3449856,60,54.884,3.671,287524,35039,272.390,18.220,8.206,1634.343
783.640,3449916,60,53.318,3.561,287529,33242,280.843,18.755,8.650,1685.057
784.779,3449976,60,52.634,3.497,287534,35041,285.949,18.999,8.206,1715.694
785.936,3450036,60,51.883,3.460,287539,33243,289.001,19.274,8.650,1734.008
787.086,3450096,60,52.154,3.474,287544,35041,287.890,19.174,8.206,1727.339
788.240,3450156,60,52.029,3.481,287549,33244,287.292,19.220,8.650,1723.749
789.354,3450216,60,53.844,3.614,287554,35044,276.735,18.572,8.206,1660.408
790.388,3450276,60,58.021,3.966,287559,33246,252.143,17.235,8.649,1512.861
791.416,3450336,60,58.372,3.884,287564,35044,257.477,17.131,8.206,1544.862
792.483,3450396,60,56.210,3.747,287569,33246,266.891,17.790,8.650,1601.344
793.559,3450456,60,55.765,3.707,287574,35046,269.772,17.932,8.206,1618.629
794.665,3450516,60,54.250,3.579,287579,33248,279.389,18.433,8.650,1676.337
795.744,3450576,60,55.625,3.695,287584,35047,270.657,17.977,8.206,1623.942
796.833,3450636,60,55.111,3.680,287589,33248,271.748,18.145,8.650,1630.488
797.931,3450696,60,54.611,3.577,287594,35048,279.589,18.311,8.206,1677.536
799.029,3450756,60,54.647,3.649,287599,33250,274.076,18.299,8.650,1644.455
800.100,3450816,60,56.018,3.783,287604,35049,264.327,17.851,8.206,1585.959
801.175,3450876,60,55.807,3.629,287609,33250,275.567,17.919,8.650,1653.403
802.229,3450936,60,56.958,3.735,287614,35050,267.736,17.557,8.206,1606.415
803.288,3450996,60,56.640,3.724,287619,33252,268.493,17.655,8.650,1610.956
804.362,3451056,60,55.888,3.723,287624,35052,268.633,17.893,8.206,1611.798
805.445,3451116,60,55.391,3.704,287629,33252,270.010,18.053,8.650,1620.059
806.530,3451176,60,55.313,3.671,287634,35053,272.384,18.079,8.206,1634.303
807.603,3451236,60,55.877,3.736,287639,33255,267.678,17.896,8.649,1606.070
808.665,3451296,60,56.498,3.776,287644,35055,264.825,17.700,8.206,1588.949
809.727,3451356,60,56.510,3.759,287649,33255,266.022,17.696,8.650,1596.134
810.815,3451416,60,55.151,3.588,287654,35055,278.686,18.132,8.206,1672.115
811.958,3451476,60,52.520,3.629,287659,33257,275.528,19.040,8.650,1653.165
813.082,3451536,60,53.360,3.421,287664,35057,292.322,18.741,8.206,1753.930
814.099,3451596,60,59.001,3.933,287669,33258,254.287,16.949,8.650,1525.723
815.128,3451656,60,58.331,3.833,287674,35057,260.907,17.144,8.206,1565.441
816.173,3451716,60,57.373,3.826,287679,33259,261.359,17.430,8.650,1568.151
817.229,3451776,60,56.818,3.756,287684,35059,266.258,17.600,8.206,1597.547
818.285,3451836,60,56.846,3.788,287689,33260,263.996,17.591,8.650,1583.976
819.357,3451896,60,55.966,3.723,287694,35059,268.614,17.868,8.206,1611.686
820.437,3451956,60,55.537,3.665,287699,33261,272.828,18.006,8.650,1636.970
821.532,3452016,60,54.819,3.611,287704,35061,276.956,18.242,8.206,1661.733
822.613,3452076,60,55.505,3.696,287709,33263,270.587,18.016,8.650,1623.522
823.690,3452136,60,55.685,3.697,287714,35061,270.500,17.958,8.206,1622.999
824.786,3452196,60,54.769,3.700,287719,33264,270.263,18.258,8.650,1621.579
825.882,3452256,60,54.739,3.630,287724,35063,275.448,18.268,8.206,1652.690
826.972,3452316,60,55.060,3.674,287729,33266,272.172,18.162,8.649,1633.034
828.059,3452376,60,55.195,3.696,287734,35064,270.564,18.118,8.206,1623.384
829.141,3452436,60,55.443,3.705,287739,33266,269.918,18.036,8.650,1619.507
830.232,3452496,60,55.001,3.677,287744,35066,271.974,18.182,8.206,1631.842
831.346,3452556,60,53.857,3.545,287749,33268,282.056,18.568,8.649,1692.339
832.433,3452616,60,55.173,3.695,287754,35067,270.615,18.125,8.206,1623.691
833.519,3452676,60,55.281,3.699,287759,33268,270.328,18.089,8.650,1621.970
834.603,3452736,60,55.335,3.736,287764,35069,267.679,18.072,8.206,1606.076
835.614,3452796,60,59.332,3.990,287769,33270,250.616,16.854,8.650,1503.695
836.620,3452856,60,59.645,3.950,287774,35070,253.168,16.766,8.206,1519.009
837.865,3452930,60,59.459,3.930,287781,35069,254.427,16.818,8.206,1526.563
839.102,3453004,60,59.814,4.009,287790,33272,249.444,16.719,8.650,1496.664
840.318,3453077,60,60.048,4.210,287798,33274,237.550,16.653,8.649,1425.303
841.563,3453149,60,57.830,3.700,287808,33273,270.277,17.292,8.650,1621.663
842.772,3453221,60,59.529,4.299,287803,33275,232.599,16.799,8.649,1395.597
843.950,3453292,60,60.282,4.194,287818,33275,238.427,16.589,8.650,1430.560
845.067,3453350,60,51.897,3.434,287816,35076,291.223,19.269,8.205,1747.338
846.241,3453410,60,51.144,3.309,287821,35074,302.230,19.553,8.206,1813.378
847.390,3453470,60,52.202,3.080,287826,35077,324.628,19.156,8.206,1947.770
848.397,3453529,60,58.589,3.827,287830,35076,261.291,17.068,8.206,1567.746
849.627,3453603,60,60.186,4.028,287839,35077,248.252,16.615,8.206,1489.511
850.788,3453673,60,60.272,4.294,287846,35075,232.910,16.591,8.207,1397.460
851.997,3453745,60,59.532,4.222,287846,35078,236.866,16.798,8.206,1421.198
853.169,3453816,60,60.576,4.341,287854,35080,230.368,16.508,8.206,1382.207
854.334,3453886,60,60.115,4.294,287868,35079,232.877,16.635,8.206,1397.262
855.572,3453959,60,58.966,4.024,287859,35079,248.501,16.959,8.206,1491.007
856.731,3454029,60,60.401,4.328,287874,33281,231.040,16.556,8.650,1386.242
857.869,3454098,60,60.604,4.439,287875,35082,225.283,16.501,8.206,1351.695
858.950,3454163,60,60.125,4.609,287880,35083,216.974,16.632,8.206,1301.844
860.024,3454228,60,60.524,4.656,287890,33284,214.799,16.522,8.650,1288.795
861.031,3454289,60,60.631,5.055,287903,35083,197.831,16.493,8.206,1186.987
862.056,3454350,60,59.458,4.920,287904,35084,203.255,16.819,8.206,1219.530
863.256,3454422,60,60.031,5.044,287904,35084,198.268,16.658,8.206,1189.608
864.322,3454485,60,59.096,4.642,287921,33286,215.424,16.922,8.650,1292.547
865.535,3454556,60,58.532,3.990,287913,33288,250.615,17.085,8.649,1503.693
866.540,3454616,60,59.705,3.999,287918,35088,250.043,16.749,8.206,1500.257
867.769,3454690,60,60.191,4.019,287932,35088,248.795,16.614,8.206,1492.768
868.927,3454760,60,60.479,4.316,287926,35089,231.679,16.535,8.206,1390.072
870.087,3454830,60,60.310,4.314,287944,35088,231.799,16.581,8.206,1390.795
871.186,3454896,60,60.062,4.514,287944,35091,221.531,16.650,8.206,1329.186
872.343,3454965,60,59.674,4.314,287961,33290,231.804,16.758,8.650,1390.824
873.510,3455035,60,59.936,4.266,287952,35092,234.388,16.684,8.206,1406.327
874.709,3455106,60,59.252,4.200,287964,35092,238.123,16.877,8.206,1428.735
875.720,3455166,60,59.311,3.941,287969,35093,253.728,16.860,8.206,1522.367
876.934,3455239,60,60.134,4.093,287967,35093,244.297,16.630,8.206,1465.783
878.098,3455309,60,60.157,4.305,287988,33294,232.298,16.623,8.650,1393.786
879.267,3455379,60,59.893,4.260,287983,35096,234.754,16.696,8.206,1408.526
880.431,3455449,60,60.114,4.281,287990,35094,233.606,16.635,8.206,1401.633
881.619,3455520,60,59.769,4.143,287989,35096,241.396,16.731,8.206,1448.376
882.856,3455594,60,59.845,4.071,288000,35098,245.632,16.710,8.206,1473.793
884.019,3455654,60,51.561,3.424,288005,35098,292.084,19.395,8.206,1752.504
885.141,3455714,60,53.486,3.485,288010,35098,286.904,18.696,8.206,1721.425
886.237,3455771,60,52.007,3.159,288021,35099,316.586,19.228,8.206,1899.519
887.250,3455831,60,59.248,3.885,288026,35099,257.429,16.878,8.206,1544.575
888.502,3455906,60,59.892,4.003,288031,35101,249.786,16.697,8.206,1498.715
889.750,3455981,60,60.094,3.994,288033,33300,250.351,16.641,8.650,1502.104
890.753,3456041,60,59.848,3.960,288038,35101,252.547,16.709,8.206,1515.282
892.000,3456115,60,59.336,3.933,288042,35103,254.275,16.853,8.206,1525.648
893.234,3456189,60,59.949,4.025,288054,33302,248.453,16.681,8.650,1490.720
894.469,3456263,60,59.907,4.095,288055,35103,244.172,16.693,8.206,1465.030
895.675,3456335,60,59.739,4.040,288063,35105,247.514,16.739,8.206,1485.082
896.719,3456395,60,57.441,3.847,288068,35105,259.964,17.409,8.206,1559.782
897.761,3456455,60,57.603,3.908,288073,35106,255.876,17.360,8.206,1535.258
898.995,3456529,60,59.941,4.085,288080,35106,244.795,16.683,8.206,1468.771
900.162,3456600,60,60.872,4.244,288079,35107,235.622,16.428,8.206,1413.733
901.247,3456666,60,60.823,4.685,288094,35109,213.458,16.441,8.206,1280.748
902.341,3456731,60,59.409,4.555,288101,35108,219.534,16.832,8.206,1317.203
903.416,3456796,60,60.442,4.680,288101,33309,213.693,16.545,8.649,1282.161
904.478,3456860,60,60.289,4.642,288101,33309,215.415,16.587,8.649,1292.492
905.667,3456932,60,60.570,5.071,288121,33311,197.204,16.510,8.649,1183.224
906.788,3457000,60,60.630,5.484,288120,35109,182.336,16.493,8.206,1094.019
907.856,3457065,60,60.890,5.534,288136,35112,180.702,16.423,8.206,1084.210
909.010,3457135,60,60.640,6.118,288127,35112,163.465,16.491,8.206,980.792
910.047,3457198,60,60.776,6.770,288134,35113,147.703,16.454,8.206,886.220
911.154,3457265,60,60.479,7.160,288156,35113,139.667,16.535,8.207,838.002
912.203,3457327,60,59.141,6.715,288149,35115,148.929,16.909,8.206,893.575
913.349,3457395,60,59.313,7.180,288155,35115,139.278,16.860,8.206,835.669
914.512,3457465,60,60.196,5.983,288156,35116,167.135,16.612,8.206,1002.812
915.603,3457531,60,60.484,6.580,288171,35115,151.984,16.533,8.206,911.905
916.767,3457600,60,59.292,6.078,288170,35117,164.519,16.866,8.206,987.116
917.834,3457665,60,60.911,6.406,288186,35118,156.097,16.417,8.206,936.582
918.952,3457733,60,60.820,6.936,288179,33317,144.181,16.442,8.650,865.089
920.016,3457797,60,60.178,7.449,288181,33319,134.255,16.617,8.649,805.529
921.023,3457858,60,60.558,7.577,288189,35120,131.984,16.513,8.206,791.903
922.072,3457921,60,60.041,8.696,288191,35120,114.995,16.655,8.206,689.968
923.119,3457984,60,60.211,8.602,288205,35121,116.254,16.608,8.206,697.522
924.134,3458044,60,59.115,7.555,288210,33320,132.368,16.916,8.650,794.205
925.202,3458108,60,59.923,7.486,288217,33321,133.577,16.688,8.650,801.465
926.261,3458172,60,60.405,7.553,288222,33323,132.390,16.555,8.649,794.338
927.340,3458237,60,60.235,8.142,288228,33323,122.822,16.602,8.650,736.935
928.388,3458300,60,60.153,8.605,288221,33322,116.209,16.624,8.650,697.253
929.414,3458362,60,60.417,8.897,288232,35125,112.396,16.552,8.206,674.379
930.462,3458425,60,60.088,8.611,288236,35126,116.124,16.642,8.206,696.747
931.475,3458486,60,60.241,10.049,288246,35126,99.510,16.600,8.206,597.063
932.574,3458552,60,60.064,9.866,288256,35125,101.358,16.649,8.207,608.147
933.592,3458613,60,59.917,9.647,288257,33326,103.656,16.690,8.650,621.935
934.592,3458673,60,59.976,10.026,288262,35127,99.742,16.673,8.206,598.452
935.683,3458739,60,60.513,10.097,288263,35130,99.039,16.525,8.206,594.235
936.708,3458801,60,60.497,10.684,288268,35128,93.600,16.530,8.206,561.598
937.709,3458861,60,59.927,11.996,288273,33329,83.360,16.687,8.649,500.161
938.784,3458920,60,54.867,7.535,288280,35131,132.718,18.226,8.206,796.309
939.838,3458974,60,51.251,3.964,288285,35133,252.244,19.512,8.206,1513.466
941.173,3459048,60,55.404,4.032,288288,35130,248.046,18.049,8.206,1488.276
942.265,3459108,60,54.983,3.960,288293,33332,252.505,18.188,8.649,1515.028
943.512,3459183,60,60.136,4.017,288304,35133,248.973,16.629,8.206,1493.838
944.754,3459258,60,60.359,4.032,288305,35134,248.010,16.567,8.206,1488.057
945.910,3459328,60,60.588,4.312,288315,35134,231.917,16.505,8.206,1391.501
946.918,3459387,60,58.515,3.897,288319,35135,256.618,17.090,8.206,1539.708
948.086,3459457,60,59.917,4.292,288321,35137,232.975,16.690,8.206,1397.851
949.282,3459529,60,60.196,4.317,288330,35136,231.654,16.613,8.206,1389.926
950.447,3459599,60,60.092,4.279,288329,35137,233.719,16.641,8.206,1402.315
951.589,3459668,60,60.413,4.415,288347,33336,226.478,16.553,8.650,1358.866
952.686,3459734,60,60.179,4.482,288345,35140,223.098,16.617,8.206,1338.589
953.764,3459799,60,60.291,4.626,288347,35139,216.183,16.586,8.206,1297.097
954.852,3459864,60,59.755,4.596,288363,35140,217.576,16.735,8.206,1305.454
955.925,3459929,60,60.596,4.661,288373,35141,214.552,16.503,8.206,1287.310
956.927,3459990,60,60.873,4.905,288374,35142,203.884,16.428,8.206,1223.304
958.121,3460062,60,60.268,5.078,288374,35142,196.937,16.593,8.206,1181.620
959.189,3460127,60,60.905,5.537,288380,35143,180.609,16.419,8.206,1083.656
960.203,3460188,60,60.120,5.771,288383,33342,173.276,16.633,8.649,1039.658
961.363,3460258,60,60.339,6.006,288389,35145,166.500,16.573,8.206,998.998
962.456,3460324,60,60.401,6.659,288400,33342,150.174,16.556,8.650,901.045
963.532,3460389,60,60.432,6.322,288404,33343,158.185,16.547,8.650,949.110
964.544,3460450,60,60.252,6.931,288412,35146,144.275,16.597,8.206,865.651
965.633,3460516,60,60.601,7.577,288411,33346,131.978,16.501,8.649,791.871
966.695,3460580,60,60.261,7.513,288411,33344,133.100,16.595,8.650,798.601
967.761,3460644,60,60.033,7.520,288428,33346,132.980,16.658,8.650,797.881
968.833,3460708,60,59.740,7.319,288430,33347,136.629,16.739,8.649,819.774
969.848,3460768,60,59.095,6.744,288435,35150,148.275,16.922,8.206,889.648
970.895,3460831,60,60.146,6.716,288446,35149,148.891,16.626,8.206,893.348
971.909,3460892,60,60.206,6.931,288451,33348,144.286,16.610,8.650,865.714
972.949,3460954,60,59.583,6.726,288450,35151,148.677,16.783,8.206,892.061
973.989,3461017,60,60.589,6.716,288451,35154,148.909,16.505,8.205,893.452
975.049,3461081,60,60.350,7.573,288458,35151,132.047,16.570,8.206,792.282
976.120,3461145,60,59.768,7.429,288476,35153,134.604,16.731,8.206,807.624
977.177,3461209,60,60.547,7.561,288470,35154,132.263,16.516,8.206,793.578
978.206,3461271,60,60.280,7.576,288478,35157,131.995,16.589,8.205,791.970
979.244,3461334,60,60.685,8.666,288483,35154,115.398,16.479,8.206,692.389
980.301,3461398,60,60.545,8.946,288484,35155,111.786,16.517,8.206,670.715
981.397,3461464,60,60.244,10.030,288495,35157,99.696,16.599,8.206,598.176
982.397,3461524,60,59.967,10.035,288500,33355,99.656,16.676,8.649,597.933
983.398,3461584,60,59.946,10.037,288505,35158,99.629,16.682,8.206,597.773
984.422,3461646,60,60.575,11.364,288509,35159,87.998,16.509,8.206,527.987
985.502,3461711,60,60.148,12.032,288516,35158,83.115,16.626,8.206,498.689
986.557,3461774,60,59.736,11.210,288515,35160,89.205,16.740,8.206,535.228
987.610,3461837,60,59.818,10.618,288528,33358,94.180,16.717,8.649,565.077
988.610,3461897,60,59.993,9.992,288533,35160,100.084,16.669,8.206,600.502
989.691,3461962,60,60.127,11.335,288532,35162,88.222,16.631,8.206,529.333
990.705,3462023,60,60.155,12.136,288535,35163,82.397,16.624,8.206,494.380
991.779,3462088,60,60.517,12.075,288545,35162,82.816,16.524,8.206,496.896
992.785,3462148,60,59.654,11.810,288550,33360,84.672,16.763,8.650,508.031
993.864,3462213,60,60.255,11.976,288557,33361,83.502,16.596,8.650,501.013
994.910,3462275,60,59.286,10.973,288558,35164,91.132,16.867,8.206,546.793
995.953,3462338,60,60.383,11.019,288563,35166,90.754,16.561,8.206,544.525
997.029,3462403,60,60.422,12.072,288572,35165,82.833,16.550,8.206,496.999
998.107,3462468,60,60.278,12.032,288573,33364,83.109,16.590,8.649,498.654
999.172,3462532,60,60.082,14.921,288588,33364,67.018,16.644,8.650,402.106
1000.231,3462596,60,60.452,15.117,288583,33365,66.151,16.542,8.649,396.905
1001.232,3462656,60,59.932,15.013,288588,35168,66.607,16.685,8.206,399.642
1002.236,3462716,60,59.744,14.985,288593,33367,66.734,16.738,8.649,400.402
1003.310,3462779,60,58.658,10.447,288594,35170,95.723,17.048,8.206,574.336
1004.404,3462844,60,59.427,8.847,288610,33367,113.037,16.827,8.650,678.223
1005.501,3462910,60,60.200,10.052,288617,35170,99.485,16.611,8.206,596.912
1006.537,3462971,60,58.855,9.232,288621,35172,108.316,16.991,8.206,649.897
1007.581,3463034,60,60.373,8.625,288620,35173,115.939,16.564,8.206,695.637
1008.625,3463097,60,60.304,8.591,288633,35173,116.406,16.583,8.206,698.435
1009.673,3463158,60,58.215,7.287,288630,35173,137.235,17.178,8.206,823.411
1010.693,3463219,60,59.797,6.630,288632,35174,150.830,16.723,8.206,904.979
1011.739,3463282,60,60.218,6.703,288642,35175,149.196,16.606,8.206,895.179
1012.745,3463342,60,59.672,7.004,288647,35176,142.783,16.758,8.206,856.695
1013.796,3463405,60,59.937,6.690,288651,33371,149.471,16.684,8.650,896.825
1014.849,3463468,60,59.832,6.661,288660,33373,150.127,16.713,8.650,900.764
1015.893,3463531,60,60.319,6.677,288671,35178,149.775,16.579,8.206,898.652
1017.023,3463599,60,60.217,6.924,288668,35178,144.435,16.607,8.206,866.608
1018.115,3463665,60,60.447,7.129,288686,35178,140.275,16.543,8.206,841.651
1019.177,3463729,60,60.216,7.483,288680,35179,133.635,16.607,8.206,801.808
1020.224,3463792,60,60.213,7.519,288693,35181,132.992,16.608,8.206,797.954
1021.333,3463859,60,60.369,7.811,288684,35181,128.027,16.565,8.206,768.161
1022.377,3463922,60,60.383,8.608,288694,35180,116.172,16.561,8.206,697.030
1023.427,3463985,60,59.987,8.510,288716,35182,117.512,16.670,8.206,705.072
1024.480,3464048,60,59.822,8.582,288712,35183,116.527,16.716,8.206,699.162
1025.527,3464111,60,60.182,8.562,288716,35183,116.797,16.616,8.206,700.783
1026.582,3464175,60,60.692,8.905,288720,35183,112.297,16.477,8.206,673.783
1027.582,3464235,60,59.975,9.930,288725,35185,100.705,16.674,8.206,604.228
1028.676,3464301,60,60.337,10.019,288722,33381,99.815,16.574,8.649,598.888
1029.754,3464366,60,60.289,11.312,288736,35186,88.401,16.587,8.206,530.404
1030.757,3464426,60,59.805,10.242,288741,35185,97.633,16.721,8.206,585.799
1031.843,3464491,60,59.868,10.249,288751,35187,97.566,16.703,8.206,585.396
1032.929,3464556,60,59.827,10.260,288749,33383,97.470,16.715,8.650,584.817
1034.028,3464622,60,60.056,10.035,288754,35189,99.649,16.651,8.206,597.891
1035.056,3464684,60,60.307,10.065,288764,33383,99.351,16.582,8.650,596.105
1036.072,3464745,60,60.050,10.051,288776,35190,99.490,16.653,8.206,596.942
1037.098,3464805,60,58.488,8.606,288781,33386,116.204,17.097,8.650,697.225
1038.150,3464868,60,59.898,8.589,288773,33388,116.426,16.695,8.649,698.558
1039.205,3464931,60,59.728,8.588,288783,35191,116.442,16.743,8.206,698.652
1040.250,3464994,60,60.270,8.628,288788,35194,115.906,16.592,8.206,695.439
1041.293,3465057,60,60.390,8.628,288786,35192,115.899,16.559,8.206,695.395
1042.348,3465121,60,60.679,9.526,288791,35194,104.971,16.480,8.206,629.828
1043.356,3465181,60,59.528,9.922,288796,33389,100.785,16.799,8.649,604.712
1044.448,3465247,60,60.429,10.083,288809,35196,99.178,16.548,8.206,595.067
1045.448,3465307,60,59.982,10.009,288814,35196,99.909,16.672,8.206,599.455
1046.542,3465373,60,60.322,10.086,288821,33393,99.151,16.578,8.649,594.909
1047.625,3465438,60,60.027,10.315,288820,35197,96.944,16.659,8.206,581.661
1048.660,3465500,60,59.952,11.189,288821,33392,89.375,16.680,8.649,536.252
1049.671,3465561,60,60.306,10.995,288827,35199,90.947,16.582,8.206,545.683
1050.751,3465626,60,60.174,12.076,288841,35200,82.808,16.618,8.206,496.849
1051.754,3465686,60,59.850,11.938,288846,35198,83.764,16.708,8.206,502.586
1052.831,3465751,60,60.322,12.066,288856,35199,82.878,16.578,8.206,497.269
1053.853,3465812,60,59.727,11.701,288861,33396,85.464,16.743,8.650,512.782
1054.927,3465877,60,60.479,12.133,288856,33396,82.421,16.535,8.649,494.529
1056.008,3465942,60,60.123,11.986,288864,35201,83.428,16.633,8.206,500.566
1057.055,3466005,60,60.201,11.965,288881,33397,83.580,16.611,8.650,501.478
1058.085,3466067,60,60.195,12.679,288875,35203,78.872,16.613,8.206,473.230
1059.123,3466129,60,59.752,12.269,288880,35204,81.509,16.736,8.206,489.052
1060.179,3466192,60,59.613,13.409,288893,35206,74.578,16.775,8.206,447.467
1061.224,3466255,60,60.308,12.141,288887,35205,82.364,16.582,8.206,494.182
1062.231,3466315,60,59.610,12.066,288892,35207,82.878,16.776,8.206,497.270
1063.236,3466375,60,59.650,11.882,288897,35207,84.162,16.765,8.206,504.975
1064.316,3466440,60,60.228,12.041,288899,35206,83.046,16.604,8.206,498.278
1065.316,3466500,60,59.992,11.989,288904,33402,83.413,16.669,8.649,500.477
1066.318,3466560,60,59.852,12.022,288909,35208,83.183,16.708,8.206,499.096
1067.400,3466625,60,60.097,12.042,288936,35209,83.043,16.640,8.206,498.260
1068.479,3466690,60,60.242,12.093,288932,35210,82.689,16.600,8.206,496.136
1069.484,3466750,60,59.666,11.959,288937,35209,83.617,16.760,8.206,501.701
1070.561,3466815,60,60.397,12.157,288940,35211,82.254,16.557,8.206,493.527
1071.571,3466875,60,59.412,11.905,288945,35212,83.996,16.832,8.206,503.976
1072.649,3466940,60,60.292,12.046,288941,33406,83.013,16.586,8.649,498.079
1073.745,3467005,60,59.301,10.765,288951,33406,92.897,16.863,8.650,557.384
1074.749,3467065,60,59.717,9.933,288956,35213,100.675,16.746,8.206,604.051
1075.847,3467131,60,60.157,9.976,288971,35214,100.244,16.623,8.206,601.466
1076.851,3467191,60,59.710,9.915,288976,35214,100.862,16.748,8.206,605.174
1077.860,3467251,60,59.501,8.789,288981,35214,113.781,16.806,8.206,682.684
1078.900,3467314,60,60.566,9.180,288980,35215,108.930,16.511,8.206,653.581
1079.996,3467380,60,60.198,10.001,288985,33411,99.990,16.612,8.649,599.938
1081.089,3467446,60,60.381,10.041,288998,35217,99.589,16.561,8.206,597.534
1082.175,3467511,60,59.867,9.961,288998,35218,100.390,16.704,8.206,602.337
1083.243,3467575,60,59.956,10.541,288997,35218,94.865,16.679,8.206,569.191
1084.247,3467635,60,59.713,9.997,289002,35220,100.029,16.747,8.206,600.177
1085.254,3467695,60,59.592,9.961,289007,35220,100.396,16.781,8.206,602.379
1086.256,3467755,60,59.924,10.032,289012,35220,99.677,16.688,8.206,598.061
1087.341,3467820,60,59.868,9.095,289014,33415,109.956,16.703,8.649,659.738
1088.377,3467882,60,59.877,8.613,289024,35222,116.097,16.701,8.206,696.581
1089.429,3467945,60,59.859,8.606,289046,35223,116.192,16.706,8.206,697.150
1090.479,3468008,60,60.026,8.593,289042,35222,116.379,16.659,8.206,698.274
1091.529,3468071,60,59.977,8.562,289046,35223,116.790,16.673,8.206,700.739
1092.574,3468134,60,60.316,8.605,289045,35225,116.209,16.579,8.206,697.254
1093.636,3468197,60,59.322,8.483,289058,33420,117.881,16.857,8.649,707.284
1094.680,3468260,60,60.352,8.622,289051,33418,115.988,16.569,8.650,695.929
1095.731,3468323,60,59.895,8.565,289060,35227,116.756,16.696,8.206,700.537
1096.857,3468389,60,58.656,6.806,289078,33421,146.923,17.049,8.650,881.536
1097.859,3468449,60,59.859,7.233,289083,35228,138.261,16.706,8.206,829.565
1098.954,3468515,60,60.284,7.535,289078,35227,132.718,16.588,8.206,796.310
1100.012,3468579,60,60.455,7.532,289083,35230,132.759,16.541,8.206,796.555
1101.060,3468642,60,60.126,7.746,289089,35228,129.103,16.632,8.206,774.620
1102.174,3468709,60,60.127,8.547,289095,33425,116.996,16.631,8.649,701.973
1103.244,3468773,60,59.843,7.483,289099,33423,133.639,16.710,8.650,801.834
1104.289,3468836,60,60.298,7.616,289103,33426,131.301,16.584,8.649,787.807
1105.327,3468899,60,60.706,8.666,289104,35231,115.395,16.473,8.206,692.370
1106.345,3468960,60,59.918,9.078,289109,35233,110.155,16.690,8.206,660.927
1107.436,3469026,60,60.461,8.635,289124,35233,115.803,16.540,8.206,694.819
1108.531,3469092,60,60.292,10.075,289132,33428,99.256,16.586,8.649,595.536
1109.629,3469158,60,60.113,9.995,289130,35236,100.053,16.635,8.206,600.320
1110.630,3469218,60,59.935,9.984,289135,35236,100.157,16.685,8.206,600.943
1111.706,3469283,60,60.422,10.371,289140,35236,96.425,16.550,8.206,578.547
1112.786,3469348,60,60.147,12.051,289150,33430,82.983,16.626,8.649,497.895
1113.805,3469409,60,59.860,12.036,289163,35236,83.084,16.706,8.206,498.506
1114.837,3469471,60,60.125,11.219,289166,35238,89.138,16.632,8.206,534.826
1115.838,3469531,60,59.937,11.996,289171,35237,83.362,16.684,8.206,500.169
1116.874,3469593,60,59.796,11.925,289172,35238,83.857,16.724,8.206,503.143
1117.938,3469657,60,60.169,11.662,289171,35241,85.745,16.620,8.206,514.471
1119.016,3469722,60,60.308,12.121,289179,35241,82.499,16.582,8.206,494.996
1120.094,3469787,60,60.319,12.091,289185,35240,82.706,16.579,8.206,496.235
1121.094,3469847,60,59.961,11.940,289190,35241,83.749,16.678,8.206,502.494
1122.095,3469907,60,59.949,11.956,289195,35242,83.637,16.681,8.206,501.825
1123.176,3469972,60,60.159,11.998,289208,33436,83.348,16.623,8.650,500.089
1124.224,3470034,60,59.113,11.814,289208,35245,84.646,16.917,8.206,507.878
1125.270,3470097,60,60.246,11.260,289206,35244,88.808,16.599,8.206,532.847
1126.282,3470157,60,59.267,10.865,289211,33438,92.036,16.873,8.649,552.214
1127.339,3470219,60,58.655,8.632,289214,35246,115.846,17.049,8.206,695.078
1128.385,3470282,60,60.263,8.570,289224,35245,116.683,16.594,8.206,700.098
1129.426,3470345,60,60.509,8.610,289246,35246,116.143,16.527,8.206,696.858
1130.437,3470406,60,60.323,8.865,289239,35248,112.804,16.577,8.206,676.827
1131.528,3470472,60,60.487,10.151,289247,35248,98.509,16.532,8.206,591.054
1132.623,3470538,60,60.287,10.049,289245,35248,99.515,16.587,8.206,597.092
1133.679,3470601,60,59.695,11.249,289247,35249,88.897,16.752,8.206,533.382
1134.778,3470667,60,60.030,10.096,289259,35250,99.050,16.658,8.206,594.302
1135.780,3470727,60,59.894,9.931,289264,35251,100.692,16.696,8.206,604.152
1136.874,3470793,60,60.306,10.013,289272,35250,99.865,16.582,8.206,599.191
1137.882,3470853,60,59.521,9.763,289277,33444,102.433,16.801,8.650,614.596
1138.980,3470919,60,60.137,10.047,289278,35252,99.536,16.629,8.206,597.218
1140.079,3470985,60,60.066,10.013,289296,35254,99.868,16.648,8.206,599.207
1141.175,3471051,60,60.187,10.000,289293,35253,100.004,16.615,8.206,600.021
1142.178,3471111,60,59.840,10.014,289298,35255,99.856,16.711,8.206,599.138
1143.277,3471177,60,60.017,10.043,289296,35255,99.569,16.662,8.206,597.412
1144.318,3471239,60,59.585,9.209,289299,35256,108.588,16.783,8.206,651.528
1145.415,3471305,60,60.164,10.029,289326,35256,99.706,16.621,8.206,598.239
1146.508,3471371,60,60.368,10.052,289321,35257,99.479,16.565,8.206,596.875
1147.591,3471436,60,60.026,9.989,289321,33450,100.111,16.659,8.649,600.665
1148.627,3471498,60,59.848,11.492,289325,35259,87.017,16.709,8.206,522.101
1149.724,3471564,60,60.170,10.051,289338,33451,99.491,16.620,8.650,596.946
1150.803,3471629,60,60.227,10.904,289348,33451,91.713,16.604,8.650,550.277
1151.883,3471694,60,60.185,12.059,289345,35261,82.928,16.615,8.206,497.567
1152.964,3471759,60,60.169,11.953,289348,35261,83.664,16.620,8.206,501.986
1153.970,3471819,60,59.601,11.980,289353,35262,83.471,16.778,8.206,500.826
1155.048,3471884,60,60.335,12.097,289364,33453,82.667,16.574,8.650,496.000
1156.128,3471949,60,60.134,12.085,289365,33455,82.749,16.630,8.649,496.494
1157.211,3472014,60,60.045,12.091,289373,35264,82.703,16.654,8.206,496.221
1158.294,3472079,60,60.014,12.035,289369,35264,83.091,16.663,8.206,498.547
1159.300,3472139,60,59.658,12.012,289374,35264,83.248,16.762,8.206,499.485
1160.300,3472199,60,59.988,11.933,289379,35265,83.800,16.670,8.206,502.803
1161.301,3472259,60,59.944,11.903,289384,35266,84.015,16.682,8.206,504.089
1162.386,3472324,60,59.919,12.029,289400,33458,83.136,16.689,8.650,498.815
1163.464,3472389,60,60.268,12.093,289404,33458,82.693,16.592,8.650,496.156
1164.468,3472449,60,59.772,11.926,289409,35269,83.853,16.730,8.206,503.121
1165.546,3472514,60,60.276,12.014,289410,35269,83.236,16.590,8.206,499.416
1166.626,3472579,60,60.220,12.054,289412,35269,82.962,16.606,8.206,497.772
1167.635,3472639,60,59.477,11.926,289417,35270,83.847,16.813,8.206,503.082
1168.637,3472699,60,59.871,12.017,289422,35270,83.212,16.703,8.206,499.274
1169.719,3472764,60,60.081,11.971,289438,33463,83.533,16.644,8.649,501.196
1170.736,3472825,60,59.960,11.891,289436,35272,84.096,16.678,8.206,504.577
1171.816,3472890,60,60.185,12.032,289449,35271,83.111,16.616,8.206,498.663
1172.896,3472955,60,60.182,12.018,289448,35272,83.206,16.616,8.206,499.234
1173.990,3473020,60,59.393,12.014,289455,33466,83.239,16.837,8.649,499.435
1175.062,3473084,60,59.735,10.500,289464,33465,95.234,16.741,8.650,571.406
1176.089,3473146,60,60.364,11.287,289473,35274,88.601,16.566,8.206,531.603
1177.124,3473208,60,59.919,11.139,289468,35275,89.773,16.689,8.206,538.635
1178.191,3473272,60,59.977,11.684,289483,35278,85.587,16.673,8.206,513.525
1179.203,3473333,60,60.265,10.354,289479,33468,96.579,16.593,8.649,579.471
1180.226,3473394,60,59.638,10.538,289488,35278,94.896,16.768,8.206,569.374
1181.242,3473454,60,59.050,9.810,289493,35278,101.934,16.935,8.206,611.603
1182.275,3473515,60,59.045,7.496,289492,35281,133.398,16.936,8.205,800.388
1183.327,3473573,60,55.133,6.150,289499,33471,162.609,18.138,8.649,975.655
1184.471,3473631,60,50.692,3.380,289508,35281,295.836,19.727,8.206,1775.016
1185.500,3473690,60,57.357,3.642,289511,35280,274.600,17.435,8.206,1647.598
1186.659,3473749,60,50.879,3.047,289515,33473,328.182,19.655,8.649,1969.090
1187.895,3473824,60,60.711,4.037,289525,35283,247.728,16.472,8.206,1486.366
1189.050,3473894,60,60.575,4.328,289525,35281,231.048,16.508,8.206,1386.286
1190.174,3473962,60,60.506,4.443,289532,35284,225.061,16.527,8.206,1350.368
1191.249,3474027,60,60.451,4.658,289539,35285,214.698,16.542,8.206,1288.189
1192.291,3474090,60,60.486,4.643,289549,35285,215.380,16.533,8.206,1292.280
1193.292,3474150,60,59.966,4.984,289554,35283,200.647,16.676,8.207,1203.884
1194.299,3474210,60,59.574,4.916,289559,35286,203.429,16.786,8.206,1220.573
1195.388,3474275,60,59.685,4.561,289558,35285,219.272,16.755,8.206,1315.632
1196.479,3474340,60,59.575,4.618,289565,33479,216.557,16.786,8.649,1299.343
1197.608,3474407,60,59.343,4.300,289570,35286,232.573,16.851,8.206,1395.438
1198.770,3474477,60,60.252,4.297,289571,33480,232.726,16.597,8.649,1396.355
1199.913,3474546,60,60.355,4.327,289584,35289,231.115,16.569,8.206,1386.693
1200.933,3474604,60,56.865,3.794,289590,33481,263.606,17.586,8.649,1581.638
1201.960,3474664,60,58.393,3.775,289595,35289,264.925,17.125,8.206,1589.549
1202.960,3474724,60,59.999,3.972,289600,33482,251.738,16.667,8.649,1510.426
1204.167,3474797,60,60.515,4.243,289608,33483,235.672,16.525,8.649,1414.030
1205.333,3474867,60,60.037,4.275,289609,35293,233.913,16.656,8.206,1403.476
1206.499,3474937,60,59.995,4.250,289611,35293,235.314,16.668,8.206,1411.883
1207.672,3475007,60,59.725,4.281,289620,35294,233.574,16.743,8.206,1401.445
1208.834,3475077,60,60.206,4.293,289621,33486,232.924,16.610,8.649,1397.543
1209.993,3475147,60,60.395,4.325,289634,35295,231.202,16.558,8.206,1387.215
1211.157,3475217,60,60.140,4.303,289643,35296,232.398,16.628,8.206,1394.386
1212.250,3475283,60,60.418,4.543,289640,35297,220.130,16.551,8.206,1320.781
1213.347,3475348,60,59.250,4.625,289650,33488,216.196,16.878,8.649,1297.178
1214.546,3475419,60,59.212,4.087,289653,35298,244.681,16.889,8.206,1468.088
1215.818,3475494,60,58.960,3.797,289663,35299,263.342,16.961,8.206,1580.054
1217.010,3475566,60,60.400,4.337,289669,35300,230.598,16.556,8.206,1383.589
1218.174,3475636,60,60.136,4.274,289671,33491,233.985,16.629,8.649,1403.911
1219.347,3475706,60,59.680,4.256,289681,35300,234.939,16.756,8.206,1409.633
1220.595,3475780,60,59.266,4.006,289685,33492,249.601,16.873,8.649,1497.609
1221.839,3475855,60,60.287,4.026,289687,35303,248.384,16.587,8.206,1490.302
1223.032,3475927,60,60.377,4.220,289699,35303,236.957,16.563,8.206,1421.739
1224.193,3475997,60,60.313,4.290,289708,33494,233.110,16.580,8.650,1398.658
1225.366,3476067,60,59.645,4.259,289709,35304,234.823,16.766,8.206,1408.937
1226.527,3476137,60,60.283,4.307,289711,35307,232.194,16.589,8.205,1393.165
1227.698,3476207,60,59.802,4.282,289720,35305,233.546,16.722,8.206,1401.274
1228.865,3476277,60,59.953,4.287,289721,33497,233.238,16.680,8.649,1399.426
1230.025,3476347,60,60.347,4.312,289734,35308,231.902,16.571,8.206,1391.410
1231.150,3476415,60,60.450,4.560,289740,35308,219.289,16.543,8.206,1315.734
1232.236,3476480,60,59.865,4.599,289736,35309,217.461,16.704,8.206,1304.767
1233.321,3476545,60,59.923,4.637,289746,35310,215.671,16.688,8.206,1294.028
1234.394,3476610,60,60.539,4.664,289759,35310,214.396,16.518,8.206,1286.375
1235.502,3476676,60,59.619,4.431,289759,33499,225.696,16.773,8.650,1354.175
1236.578,3476741,60,60.385,4.666,289763,33501,214.335,16.560,8.649,1286.013
1237.655,3476806,60,60.322,4.639,289778,35312,215.551,16.578,8.206,1293.306
1238.883,3476873,60,54.578,3.462,289774,35315,288.832,18.322,8.205,1732.989
1240.027,3476933,60,52.451,3.599,289779,33502,277.843,19.066,8.650,1667.060
1241.110,3476992,60,54.495,4.076,289793,35315,245.316,18.350,8.206,1471.898
1242.160,3477050,60,55.197,4.199,289791,35314,238.171,18.117,8.206,1429.028
1243.323,3477120,60,60.216,4.321,289789,35315,231.403,16.607,8.206,1388.417
1244.482,3477190,60,60.416,4.337,289807,35315,230.578,16.552,8.206,1383.468
1245.656,3477260,60,59.626,4.271,289801,33505,234.112,16.771,8.649,1404.673
1246.893,3477333,60,58.976,3.999,289817,33507,250.066,16.956,8.649,1500.396
1248.139,3477408,60,60.218,4.032,289818,35319,247.997,16.606,8.206,1487.979
1249.394,3477482,60,58.965,3.863,289824,35317,258.846,16.959,8.206,1553.074
1250.590,3477554,60,60.208,4.122,289830,35320,242.578,16.609,8.206,1455.466
1251.745,3477624,60,60.582,4.318,289843,35321,231.583,16.507,8.206,1389.501
1252.872,3477692,60,60.321,4.518,289851,33510,221.345,16.578,8.650,1328.070
1253.974,3477758,60,59.894,4.591,289848,35321,217.833,16.696,8.206,1306.998
1255.145,3477828,60,59.773,4.253,289853,33512,235.136,16.730,8.649,1410.816
1256.288,3477897,60,60.396,4.429,289856,35324,225.781,16.557,8.206,1354.688
1257.416,3477964,60,59.412,4.578,289870,33513,218.435,16.832,8.649,1310.607
1258.541,3478032,60,60.433,4.433,289877,35324,225.604,16.547,8.206,1353.623
1259.619,3478097,60,60.305,4.632,289883,35325,215.889,16.582,8.206,1295.332
1260.701,3478162,60,60.058,4.603,289882,35327,217.246,16.651,8.206,1303.474
1261.777,3478227,60,60.429,4.632,289889,35327,215.879,16.548,8.206,1295.274
1262.858,3478292,60,60.096,4.624,289901,33516,216.246,16.640,8.650,1297.473
1263.891,3478354,60,60.010,4.899,289900,35327,204.138,16.664,8.206,1224.830
1264.927,3478416,60,59.861,4.927,289904,35330,202.981,16.705,8.206,1217.887
1266.007,3478481,60,60.190,4.665,289908,35329,214.340,16.614,8.206,1286.040
1267.011,3478541,60,59.763,5.006,289913,33518,199.756,16.733,8.649,1198.533
1268.050,3478604,60,60.634,4.805,289924,33518,208.126,16.493,8.650,1248.755
1269.126,3478667,60,58.556,4.536,289925,35332,220.446,17.078,8.206,1322.678
1270.225,3478733,60,60.074,4.541,289929,33520,220.203,16.646,8.649,1321.220
1271.339,3478800,60,60.111,4.538,289929,35332,220.375,16.636,8.206,1322.249
1272.418,3478865,60,60.263,4.642,289956,35333,215.422,16.594,8.206,1292.529
1273.494,3478930,60,60.401,4.661,289952,35335,214.535,16.556,8.206,1287.213
1274.580,3478995,60,59.822,4.606,289955,35335,217.122,16.716,8.206,1302.734
1275.674,3479060,60,59.431,4.596,289951,33523,217.557,16.826,8.649,1305.342
1276.756,3479125,60,60.107,4.623,289961,33524,216.309,16.637,8.649,1297.855
1277.836,3479190,60,60.161,4.626,289974,35337,216.164,16.622,8.206,1296.984
1278.919,3479255,60,60.028,4.604,289973,35337,217.223,16.659,8.206,1303.337
1280.040,3479322,60,59.774,4.552,289979,35337,219.689,16.730,8.206,1318.133
1281.172,3479390,60,60.050,4.306,289986,35339,232.212,16.653,8.206,1393.271
1282.270,3479456,60,60.122,4.641,289988,35340,215.473,16.633,8.206,1292.839
1283.347,3479521,60,60.370,4.663,289991,35339,214.446,16.564,8.206,1286.674
1284.427,3479586,60,60.167,4.652,290004,35341,214.947,16.620,8.206,1289.679
1285.491,3479650,60,60.122,4.656,290012,35341,214.755,16.633,8.206,1288.531
1286.504,3479711,60,60.239,4.914,290016,35342,203.488,16.601,8.206,1220.927
1287.541,3479773,60,59.805,4.722,290021,33530,211.775,16.721,8.650,1270.649
1288.735,3479845,60,60.314,5.026,290021,33531,198.953,16.580,8.649,1193.715
1289.926,3479917,60,60.437,5.038,290026,33531,198.476,16.546,8.649,1190.858
1291.089,3479987,60,60.194,5.034,290035,35345,198.659,16.613,8.206,1191.953
1292.179,3480053,60,60.528,5.489,290039,33532,182.169,16.521,8.650,1093.015
1293.273,3480119,60,60.343,5.521,290039,35345,181.136,16.572,8.206,1086.819
1294.303,3480181,60,60.181,5.849,290046,33534,170.969,16.617,8.649,1025.813
1295.322,3480242,60,59.856,5.784,290054,35347,172.882,16.707,8.206,1037.293
1296.332,3480303,60,60.401,5.817,290064,35347,171.901,16.556,8.206,1031.406
1297.494,3480373,60,60.227,6.061,290071,33536,164.991,16.604,8.650,989.949
1298.570,3480438,60,60.440,6.543,290070,35350,152.842,16.545,8.206,917.052
1299.617,3480501,60,60.192,6.688,290072,33537,149.521,16.614,8.649,897.127
1300.671,3480564,60,59.727,6.610,290088,33537,151.280,16.743,8.650,907.682
1301.720,3480627,60,60.085,6.709,290089,35351,149.058,16.643,8.206,894.345
1302.765,3480690,60,60.298,6.706,290099,35351,149.123,16.584,8.206,894.739
1303.816,3480753,60,59.943,6.632,290102,35352,150.779,16.683,8.206,904.676
1304.864,3480816,60,60.101,6.676,290104,35353,149.787,16.639,8.206,898.725
1305.945,3480879,60,58.284,6.553,290108,35353,152.597,17.157,8.206,915.582
1307.046,3480945,60,59.921,5.452,290126,35354,183.423,16.689,8.206,1100.536
1308.145,3481011,60,60.052,5.463,290123,35355,183.036,16.652,8.206,1098.213
1309.243,3481077,60,60.139,5.397,290121,33543,185.295,16.628,8.649,1111.772
1310.342,3481143,60,60.027,5.432,290134,35356,184.078,16.659,8.206,1104.469
1311.386,3481206,60,60.363,5.683,290139,35358,175.967,16.566,8.206,1055.804
1312.407,3481267,60,59.722,5.780,290144,35358,172.997,16.744,8.206,1037.983
1313.443,3481329,60,59.877,5.668,290149,35358,176.439,16.701,8.206,1058.634
1314.547,3481395,60,59.800,5.418,290155,35359,184.573,16.722,8.206,1107.438
1315.658,3481461,60,59.396,5.330,290152,33546,187.611,16.836,8.649,1125.663
1316.770,3481528,60,60.221,5.343,290165,35360,187.173,16.606,8.206,1123.037
1317.947,3481598,60,59.492,5.049,290168,35360,198.076,16.809,8.206,1188.455
1319.137,3481670,60,60.491,4.995,290176,35363,200.212,16.531,8.206,1201.269
1320.234,3481736,60,60.152,5.480,290178,35363,182.473,16.625,8.206,1094.835
1321.335,3481802,60,59.981,5.433,290184,35362,184.066,16.672,8.206,1104.398
1322.432,3481868,60,60.151,5.495,290197,33549,181.997,16.625,8.650,1091.980
1323.534,3481934,60,59.864,5.490,290195,35364,182.152,16.705,8.206,1092.914
1324.632,3482000,60,60.146,5.484,290196,35366,182.355,16.626,8.206,1094.130
1325.638,3482059,60,58.643,4.946,290202,35365,202.188,17.052,8.206,1213.127
1326.833,3482131,60,60.227,5.037,290221,35366,198.517,16.604,8.206,1191.104
1328.025,3482203,60,60.396,5.038,290222,35367,198.501,16.557,8.206,1191.008
1329.206,3482274,60,60.126,5.018,290228,35370,199.291,16.632,8.205,1195.747
1330.313,3482340,60,59.654,5.476,290224,33554,182.612,16.763,8.649,1095.672
1331.472,3482410,60,60.372,5.195,290242,35370,192.482,16.564,8.206,1154.894
1332.589,3482477,60,59.996,5.327,290248,33557,187.735,16.668,8.649,1126.412
1333.693,3482543,60,59.780,5.438,290245,35371,183.892,16.728,8.206,1103.349
1334.858,3482613,60,60.078,5.280,290257,33557,189.383,16.645,8.650,1136.299
1336.047,3482684,60,59.702,5.020,290264,33558,199.186,16.750,8.650,1195.114
1337.218,3482752,60,58.064,4.252,290273,35374,235.179,17.222,8.206,1411.073
1338.379,3482822,60,60.309,4.328,290269,35373,231.067,16.581,8.206,1386.399
1339.545,3482892,60,60.025,4.318,290282,33560,231.598,16.660,8.650,1389.586
1340.710,3482962,60,60.129,4.279,290282,35375,233.679,16.631,8.206,1402.076
1341.830,3483029,60,59.798,4.408,290298,33562,226.869,16.723,8.650,1361.216
1342.957,3483097,60,60.320,4.430,290291,35376,225.746,16.578,8.206,1354.474
1344.128,3483165,60,58.062,4.065,290311,33562,246.004,17.223,8.650,1476.025
1345.129,3483225,60,59.991,3.982,290316,35378,251.152,16.669,8.206,1506.912
1346.385,3483299,60,58.892,3.924,290304,35379,254.861,16.980,8.206,1529.168
1347.389,3483359,60,59.746,3.993,290309,35378,250.433,16.737,8.206,1502.596
1348.639,3483434,60,60.019,3.975,290320,35380,251.564,16.661,8.206,1509.384
1349.885,3483509,60,60.194,3.999,290338,33566,250.049,16.613,8.650,1500.296
1351.107,3483582,60,59.733,4.062,290334,35381,246.198,16.741,8.206,1477.187
1352.108,3483642,60,59.960,3.997,290339,35380,250.204,16.678,8.206,1501.225
1353.110,3483702,60,59.866,3.996,290344,35382,250.265,16.704,8.206,1501.591
1354.329,3483775,60,59.867,4.049,290347,35383,246.981,16.704,8.206,1481.884
1355.506,3483845,60,59.479,4.269,290371,33569,234.257,16.813,8.650,1405.542
1356.735,3483919,60,60.206,4.105,290357,35385,243.631,16.610,8.206,1461.787
1357.931,3483991,60,60.195,4.098,290376,35385,244.019,16.613,8.206,1464.117
1359.141,3484063,60,59.550,4.155,290377,35387,240.647,16.793,8.206,1443.880
1360.335,3484135,60,60.290,4.225,290377,35385,236.670,16.587,8.206,1420.018
1361.496,3484205,60,60.305,4.328,290401,33573,231.040,16.582,8.650,1386.239
1362.587,3484271,60,60.448,4.539,290396,35387,220.323,16.543,8.206,1321.940
1363.668,3484336,60,60.160,4.640,290396,35389,215.520,16.622,8.206,1293.120
1364.752,3484401,60,59.980,4.620,290397,35389,216.442,16.672,8.206,1298.652
1365.839,3484466,60,59.757,4.607,290411,35390,217.041,16.734,8.206,1302.244
1366.916,3484531,60,60.357,4.637,290421,35390,215.647,16.568,8.206,1293.885
1367.994,3484596,60,60.311,4.644,290419,33576,215.349,16.581,8.650,1292.095
1369.042,3484659,60,60.124,4.859,290423,35392,205.801,16.632,8.206,1234.807
1370.240,3484731,60,60.073,4.998,290433,35392,200.098,16.646,8.206,1200.590
1371.269,3484793,60,60.289,4.779,290434,35395,209.260,16.587,8.206,1255.560
1372.269,3484853,60,59.997,5.005,290439,33579,199.793,16.668,8.649,1198.758
1373.467,3484925,60,60.108,5.025,290461,33579,199.014,16.637,8.650,1194.083
1374.472,3484985,60,59.653,4.945,290466,35395,202.223,16.764,8.206,1213.340
1375.475,3485045,60,59.875,4.983,290471,33581,200.679,16.701,8.650,1204.072
1376.522,3485108,60,60.125,4.780,290467,33581,209.191,16.632,8.650,1255.147
1377.567,3485170,60,59.327,4.904,290472,35397,203.924,16.856,8.206,1223.546
1378.648,3485235,60,60.141,4.643,290475,35398,215.356,16.628,8.206,1292.137
1379.708,3485299,60,60.397,4.781,290472,35398,209.157,16.557,8.206,1254.942
1380.903,3485371,60,60.222,5.009,290491,35399,199.635,16.605,8.206,1197.808
1381.906,3485431,60,59.825,4.981,290496,35398,200.763,16.716,8.207,1204.575
1383.102,3485503,60,60.193,5.016,290497,35401,199.374,16.613,8.206,1196.246
1384.106,3485563,60,59.781,4.974,290502,35401,201.049,16.728,8.206,1206.296
1385.301,3485635,60,60.247,5.050,290502,35403,198.021,16.598,8.206,1188.124
1386.325,3485696,60,59.588,4.884,290508,35402,204.736,16.782,8.206,1228.417
1387.522,3485768,60,60.151,5.028,290522,35404,198.898,16.625,8.206,1193.389
1388.719,3485840,60,60.159,4.974,290516,35405,201.046,16.623,8.206,1206.274
1389.917,3485912,60,60.091,4.994,290536,35403,200.228,16.641,8.207,1201.368
1390.924,3485972,60,59.598,4.951,290541,33590,201.992,16.779,8.650,1211.952
1392.123,3486044,60,60.053,5.011,290544,33590,199.578,16.652,8.650,1197.471
1393.316,3486116,60,60.317,5.036,290543,33593,198.576,16.579,8.649,1191.457
1394.318,3486176,60,59.927,5.004,290548,35407,199.858,16.687,8.206,1199.146
1395.321,3486236,60,59.798,4.984,290553,33593,200.626,16.723,8.649,1203.758
1396.422,3486300,60,58.129,4.779,290554,33593,209.255,17.203,8.649,1255.532
1397.598,3486370,60,59.521,4.260,290572,35411,234.722,16.801,8.206,1408.333
1398.630,3486430,60,58.160,3.990,290577,35409,250.656,17.194,8.206,1503.937
1399.630,3486490,60,59.958,4.004,290582,35411,249.779,16.678,8.206,1498.672
1400.849,3486563,60,59.904,4.090,290580,35411,244.503,16.693,8.206,1467.016
1402.102,3486637,60,59.076,4.012,290586,33596,249.265,16.927,8.649,1495.587
1403.351,3486712,60,60.048,4.026,290603,35413,248.403,16.653,8.206,1490.417
1404.598,3486787,60,60.127,4.034,290604,35414,247.877,16.631,8.206,1487.264
1405.841,3486861,60,59.541,4.016,290602,33599,248.995,16.795,8.649,1493.969
1407.090,3486936,60,60.022,4.005,290614,35415,249.715,16.661,8.206,1498.287
1408.286,3487008,60,60.214,4.096,290618,35416,244.123,16.608,8.206,1464.736
1409.508,3487081,60,59.757,4.069,290621,35417,245.748,16.734,8.206,1474.487
1410.702,3487153,60,60.272,4.209,290636,35417,237.604,16.591,8.206,1425.624
1411.868,3487223,60,60.068,4.277,290635,35417,233.819,16.648,8.206,1402.914
1413.029,3487293,60,60.289,4.293,290647,33603,232.949,16.587,8.649,1397.693
1414.195,3487363,60,60.023,4.286,290652,35419,233.316,16.660,8.206,1399.896
1415.327,3487431,60,60.068,4.469,290658,35421,223.746,16.648,8.206,1342.478
1416.503,3487501,60,59.507,4.227,290656,33604,236.582,16.805,8.649,1419.491
1417.665,3487571,60,60.237,4.305,290671,35422,232.289,16.601,8.206,1393.731
1418.832,3487641,60,59.992,4.266,290667,35424,234.408,16.669,8.205,1406.448
1419.991,3487711,60,60.390,4.312,290686,35422,231.934,16.559,8.206,1391.603
1421.087,3487777,60,60.247,4.621,290681,35425,216.422,16.598,8.206,1298.529
1422.165,3487842,60,60.258,4.647,290689,35423,215.182,16.595,8.206,1291.090
1423.243,3487907,60,60.329,4.633,290695,35426,215.860,16.576,8.206,1295.162
1424.270,3487969,60,60.385,4.907,290700,35425,203.793,16.560,8.206,1222.757
1425.469,3488041,60,60.033,5.038,290701,35426,198.478,16.658,8.206,1190.867
1426.535,3488103,60,58.160,4.513,290714,35428,221.572,17.194,8.206,1329.434
1427.701,3488173,60,60.041,4.291,290721,33612,233.039,16.655,8.649,1398.231
1428.869,3488243,60,59.905,4.274,290720,35428,233.995,16.693,8.206,1403.972
1430.035,3488313,60,60.038,4.270,290732,35428,234.177,16.656,8.206,1405.059
1431.201,3488383,60,60.070,4.294,290737,35430,232.888,16.647,8.206,1397.325
1432.368,3488453,60,59.965,4.273,290739,33613,234.030,16.676,8.650,1404.179
1433.529,3488523,60,60.279,4.314,290749,35430,231.813,16.590,8.206,1390.880
1434.676,3488592,60,60.171,4.393,290757,35431,227.624,16.619,8.206,1365.742
1435.812,3488660,60,59.854,4.475,290751,33616,223.467,16.707,8.649,1340.803
1437.006,3488731,60,59.488,4.290,290771,35432,233.103,16.810,8.206,1398.616
1438.251,3488805,60,59.439,3.998,290781,33617,250.146,16.824,8.650,1500.874
1439.253,3488865,60,59.838,3.933,290786,35434,254.274,16.712,8.206,1525.644
1440.425,3488935,60,59.745,4.275,290777,35436,233.902,16.738,8.206,1403.411
1441.665,3489009,60,59.668,4.084,290789,35436,244.862,16.759,8.206,1469.174
1442.675,3489069,60,59.415,3.927,290794,33619,254.627,16.831,8.650,1527.760
1443.679,3489129,60,59.748,3.975,290799,35439,251.549,16.737,8.206,1509.292
1444.857,3489200,60,60.265,4.196,290796,35439,238.334,16.593,8.206,1430.006
1446.016,3489270,60,60.414,4.312,290814,35437,231.909,16.553,8.207,1391.452
1447.039,3489329,60,57.667,3.943,290823,35439,253.643,17.341,8.206,1521.858
1448.286,3489404,60,60.168,4.025,290824,33623,248.461,16.620,8.650,1490.763
1449.471,3489475,60,59.898,4.186,290822,35442,238.894,16.695,8.206,1433.365
1450.688,3489548,60,59.985,4.173,290837,33623,239.635,16.671,8.650,1437.808
1451.864,3489619,60,60.350,4.300,290832,35442,232.582,16.570,8.206,1395.489
1453.033,3489689,60,59.918,4.290,290853,35444,233.109,16.690,8.206,1398.655
1454.193,3489759,60,60.306,4.281,290848,35443,233.564,16.582,8.206,1401.385
1455.362,3489829,60,59.876,4.275,290855,33628,233.931,16.701,8.649,1403.584
1456.562,3489900,60,59.188,4.270,290854,33628,234.210,16.895,8.649,1405.263
1457.565,3489960,60,59.831,3.978,290859,35446,251.354,16.714,8.206,1508.123
1458.566,3490020,60,59.960,3.967,290864,33628,252.104,16.678,8.649,1512.621
1459.581,3490080,60,59.092,3.935,290869,35447,254.125,16.923,8.206,1524.748
1460.775,3490152,60,60.285,4.112,290887,35448,243.192,16.588,8.206,1459.151
1461.961,3490223,60,59.853,4.162,290885,35449,240.243,16.708,8.206,1441.455
1463.197,3490297,60,59.876,4.033,290891,35449,247.960,16.701,8.206,1487.757
1464.205,3490357,60,59.542,3.950,290896,33631,253.184,16.795,8.650,1519.103
1465.387,3490417,60,50.786,3.416,290901,35451,292.774,19.691,8.206,1756.642
1466.446,3490476,60,55.682,3.501,290909,33633,285.598,17.959,8.650,1713.588
1467.630,3490536,60,50.671,3.042,290914,35451,328.761,19.735,8.206,1972.567
1468.885,3490611,60,59.750,3.961,290923,35452,252.451,16.737,8.206,1514.706
1470.106,3490684,60,59.807,4.188,290930,33636,238.795,16.720,8.649,1432.772
1471.270,3490754,60,60.148,4.287,290930,35454,233.275,16.626,8.206,1399.653
1472.437,3490824,60,59.965,4.280,290943,35454,233.671,16.676,8.206,1402.028
1473.621,3490895,60,59.970,4.296,290943,35456,232.781,16.675,8.206,1396.687
1474.829,3490967,60,59.632,3.984,290950,35457,250.988,16.769,8.206,1505.930
1475.829,3491027,60,59.970,4.009,290955,35457,249.410,16.675,8.206,1496.461
1476.837,3491087,60,59.541,3.939,290960,35457,253.902,16.795,8.206,1523.411
1478.068,3491160,60,59.293,3.989,290959,35458,250.697,16.866,8.206,1504.184
1479.070,3491220,60,59.873,4.012,290964,33641,249.273,16.702,8.649,1495.638
1480.073,3491280,60,59.807,3.994,290969,35459,250.363,16.721,8.206,1502.176
1481.087,3491340,60,59.201,3.992,290974,33641,250.515,16.892,8.649,1503.089
1482.088,3491400,60,59.954,3.990,290979,35460,250.641,16.680,8.206,1503.844
1483.117,3491460,60,58.310,3.909,290984,33643,255.827,17.150,8.649,1534.960
1484.126,3491520,60,59.418,4.021,290989,35461,248.677,16.830,8.206,1492.061
1485.365,3491594,60,59.730,4.057,291000,35462,246.497,16.742,8.206,1478.984
1486.368,3491654,60,59.854,3.999,291005,35463,250.077,16.707,8.206,1500.462
1487.597,3491727,60,59.371,4.184,291014,35464,238.988,16.843,8.206,1433.928
1488.836,3491801,60,59.718,4.061,291018,35463,246.271,16.745,8.206,1477.626
1490.087,3491876,60,59.956,3.987,291023,33648,250.835,16.679,8.649,1505.008
1491.324,3491950,60,59.847,3.975,291037,35465,251.589,16.709,8.206,1509.536
1492.564,3492024,60,59.665,4.079,291043,35467,245.160,16.760,8.206,1470.960
1493.799,3492098,60,59.913,4.077,291043,35468,245.304,16.691,8.206,1471.824
1495.043,3492171,60,58.701,3.988,291053,35468,250.782,17.035,8.206,1504.695
1496.051,3492231,60,59.517,3.920,291058,35471,255.071,16.802,8.206,1530.428
1497.076,3492291,60,58.553,3.911,291063,35469,255.678,17.079,8.206,1534.071
1498.258,3492362,60,60.050,4.288,291064,35469,233.226,16.653,8.206,1399.359
1499.501,3492436,60,59.550,3.998,291071,33653,250.146,16.793,8.649,1500.878
1500.679,3492507,60,60.249,4.292,291079,35473,233.016,16.598,8.206,1398.095
1501.846,3492577,60,59.991,4.285,291081,35473,233.392,16.669,8.206,1400.354
1503.073,3492650,60,59.509,3.985,291091,35473,250.942,16.804,8.206,1505.653
1504.250,3492721,60,60.300,4.204,291091,35473,237.856,16.584,8.206,1427.138
1505.473,3492794,60,59.698,4.083,291100,35475,244.944,16.751,8.206,1469.662
1506.681,3492866,60,59.602,4.119,291111,35475,242.788,16.778,8.206,1456.729
1507.921,3492940,60,59.658,3.963,291115,33657,252.320,16.762,8.649,1513.917
1509.102,3493011,60,60.143,4.201,291123,35477,238.059,16.627,8.206,1428.354
1510.268,3493081,60,60.040,4.288,291121,35476,233.220,16.656,8.206,1399.319
1511.459,3493152,60,59.585,4.146,291137,35478,241.181,16.783,8.206,1447.086
1512.483,3493212,60,58.599,3.878,291142,33660,257.851,17.065,8.649,1547.106
1513.703,3493285,60,59.854,4.187,291141,33661,238.860,16.707,8.649,1433.160
1514.938,3493359,60,59.924,4.084,291148,35479,244.828,16.688,8.206,1468.970
1516.120,3493430,60,60.066,4.282,291156,35482,233.553,16.648,8.206,1401.316
1517.342,3493503,60,59.726,4.150,291164,35482,240.961,16.743,8.206,1445.765
1518.550,3493576,60,60.417,4.132,291166,35482,242.008,16.552,8.206,1452.045
1519.738,3493647,60,59.799,4.167,291174,35483,240.008,16.723,8.206,1440.049
1520.917,3493718,60,60.199,4.199,291178,35484,238.127,16.612,8.206,1428.759
1522.137,3493791,60,59.858,4.082,291188,35487,244.962,16.706,8.205,1469.772
1523.318,3493862,60,60.097,4.202,291189,35484,237.988,16.640,8.206,1427.925
1524.485,3493932,60,59.966,4.297,291202,33667,232.703,16.676,8.649,1396.220
1525.650,3494002,60,60.085,4.303,291202,35487,232.376,16.643,8.206,1394.255
1526.825,3494072,60,59.591,4.208,291216,35487,237.648,16.781,8.206,1425.890
1527.832,3494132,60,59.557,3.982,291221,33668,251.125,16.791,8.650,1506.749
1529.061,3494206,60,60.208,4.117,291228,35489,242.914,16.609,8.206,1457.483
1530.250,3494277,60,59.748,4.251,291221,33671,235.236,16.737,8.649,1411.413
1531.455,3494349,60,59.747,4.194,291234,33670,238.455,16.737,8.650,1430.728
1532.619,3494419,60,60.149,4.298,291232,35491,232.685,16.626,8.206,1396.109
1533.806,3494490,60,59.795,4.275,291249,35492,233.900,16.724,8.206,1403.400
1535.002,3494562,60,60.224,4.264,291249,35493,234.505,16.605,8.206,1407.033
1536.166,3494632,60,60.099,4.311,291263,35493,231.955,16.639,8.206,1391.729
1537.373,3494704,60,59.670,4.245,291265,35494,235.565,16.759,8.206,1413.388
1538.588,3494777,60,60.103,4.094,291273,35495,244.232,16.638,8.206,1465.390
1539.777,3494848,60,59.670,4.128,291275,35495,242.260,16.759,8.206,1453.562
1540.987,3494921,60,60.376,4.035,291278,35495,247.808,16.563,8.206,1486.846
1542.151,3494991,60,60.106,4.301,291288,35498,232.511,16.637,8.206,1395.068
1543.317,3495061,60,60.031,4.302,291286,33678,232.462,16.658,8.649,1394.774
1544.485,3495131,60,59.945,4.271,291301,35498,234.159,16.682,8.206,1404.955
1545.648,3495201,60,60.198,4.314,291297,35500,231.796,16.612,8.206,1390.776
1546.819,3495271,60,59.777,4.250,291316,35500,235.276,16.729,8.206,1411.655
1548.039,3495344,60,59.804,4.050,291319,35501,246.900,16.721,8.206,1481.400
1549.201,3495414,60,60.252,4.291,291323,35500,233.071,16.597,8.206,1398.428
1550.368,3495484,60,59.997,4.286,291330,33682,233.306,16.667,8.649,1399.834
1551.540,3495554,60,59.700,4.278,291330,35503,233.749,16.750,8.206,1402.496
1552.701,3495624,60,60.315,4.321,291343,35503,231.420,16.580,8.206,1388.517
1553.867,3495694,60,60.059,4.294,291345,35505,232.858,16.650,8.206,1397.150
1555.059,3495765,60,59.521,4.258,291361,33684,234.831,16.801,8.650,1408.984
1556.238,3495836,60,60.264,4.298,291353,33687,232.654,16.594,8.649,1395.923
1557.444,3495907,60,58.847,4.049,291364,35506,246.994,16.993,8.206,1481.961
1558.444,3495967,60,59.990,3.972,291369,35508,251.746,16.669,8.206,1510.477
1559.453,3496027,60,59.501,3.969,291374,35508,251.951,16.807,8.206,1511.709
1560.679,3496101,60,60.340,4.043,291372,33688,247.342,16.573,8.649,1484.054
1561.849,3496171,60,59.849,4.274,291391,35507,233.974,16.709,8.207,1403.843
1562.850,3496230,60,58.921,3.980,291394,35509,251.278,16.972,8.206,1507.669
1564.014,3496300,60,60.159,4.300,291395,33690,232.574,16.623,8.649,1395.444
1565.175,3496370,60,60.288,4.290,291401,35511,233.086,16.587,8.206,1398.515
1566.342,3496440,60,59.969,4.274,291399,35510,233.989,16.675,8.206,1403.932
1567.543,3496511,60,59.132,4.083,291416,35512,244.947,16.911,8.206,1469.681
1568.788,3496586,60,60.212,4.019,291421,35514,248.801,16.608,8.206,1492.807
1570.006,3496659,60,59.935,3.989,291423,35515,250.711,16.685,8.206,1504.266
1571.166,3496729,60,60.361,4.286,291430,35514,233.328,16.567,8.206,1399.966
1572.339,3496799,60,59.670,4.245,291429,35514,235.572,16.759,8.206,1413.430
1573.500,3496869,60,60.281,4.311,291444,33695,231.972,16.589,8.649,1391.834
1574.663,3496939,60,60.222,4.312,291442,35515,231.905,16.605,8.206,1391.429
1575.880,3497010,60,58.312,3.977,291459,35517,251.433,17.149,8.206,1508.600
1576.880,3497070,60,59.990,3.998,291464,35517,250.136,16.669,8.206,1500.815
1577.899,3497130,60,58.917,3.989,291469,35519,250.716,16.973,8.206,1504.297
1579.060,3497200,60,60.298,4.298,291470,35518,232.683,16.584,8.206,1396.100
1580.220,3497270,60,60.351,4.316,291476,35521,231.675,16.570,8.206,1390.048
1581.325,3497337,60,60.586,4.661,291476,35521,214.539,16.505,8.206,1287.233
1582.409,3497402,60,60.003,4.619,291484,35521,216.479,16.666,8.206,1298.874
1583.495,3497467,60,59.860,4.636,291494,35521,215.686,16.706,8.206,1294.114
1584.576,3497532,60,60.092,4.611,291502,33702,216.882,16.641,8.649,1301.294
1585.658,3497597,60,60.116,4.617,291508,33703,216.577,16.635,8.649,1299.459
1586.742,3497662,60,59.953,4.609,291507,35524,216.951,16.680,8.206,1301.703
1587.869,3497729,60,59.440,4.342,291523,35524,230.305,16.824,8.206,1381.829
1589.032,3497799,60,60.187,4.263,291518,35525,234.571,16.615,8.206,1407.424
1590.132,3497865,60,59.992,4.581,291536,35527,218.288,16.669,8.206,1309.729
1591.217,3497930,60,59.926,4.605,291531,35526,217.157,16.687,8.206,1302.945
1592.389,3498000,60,59.698,4.236,291529,35527,236.048,16.751,8.206,1416.287
1593.560,3498070,60,59.794,4.248,291547,35528,235.418,16.724,8.206,1412.508
1594.724,3498140,60,60.147,4.300,291541,33708,232.584,16.626,8.649,1395.503
1595.892,3498210,60,59.907,4.287,291559,35529,233.251,16.692,8.206,1399.504
1597.055,3498280,60,60.205,4.294,291560,35530,232.893,16.610,8.206,1397.358
1598.251,3498351,60,59.355,4.172,291568,35532,239.690,16.848,8.206,1438.139
1599.254,3498411,60,59.804,3.979,291573,35532,251.322,16.721,8.206,1507.933
1600.256,3498471,60,59.903,3.967,291578,35532,252.049,16.694,8.206,1512.294
1601.423,3498541,60,60.012,4.275,291576,33711,233.934,16.663,8.649,1403.604
1602.582,3498611,60,60.397,4.311,291591,35534,231.960,16.557,8.206,1391.760
1603.742,3498681,60,60.309,4.299,291587,35535,232.618,16.581,8.206,1395.706
1604.910,3498751,60,59.930,4.271,291606,35534,234.129,16.686,8.206,1404.772
1606.055,3498818,60,58.548,4.306,291603,35537,232.219,17.080,8.206,1393.317
1607.302,3498893,60,60.138,3.989,291609,33715,250.671,16.628,8.649,1504.025
1608.512,3498965,60,59.483,4.317,291631,33715,231.624,16.812,8.650,1389.745
1609.673,3499035,60,60.310,4.312,291625,35538,231.900,16.581,8.206,1391.397
1610.782,3499102,60,60.411,4.518,291627,35538,221.332,16.553,8.206,1327.991
1611.864,3499167,60,60.077,4.602,291634,35540,217.274,16.645,8.206,1303.645
1612.949,3499232,60,59.874,4.581,291646,35539,218.307,16.702,8.206,1309.839
1614.034,3499297,60,59.915,4.613,291641,35542,216.761,16.690,8.206,1300.568
1615.200,3499366,60,59.201,4.227,291658,35542,236.577,16.892,8.206,1419.461
1616.384,3499437,60,59.935,4.175,291651,33721,239.535,16.685,8.649,1437.213
1617.602,3499509,60,59.133,4.145,291664,33719,241.266,16.911,8.650,1447.594
1618.604,3499569,60,59.890,3.999,291669,35544,250.036,16.697,8.206,1500.217
1619.608,3499629,60,59.770,3.976,291674,33721,251.540,16.731,8.650,1509.240
1620.826,3499702,60,59.928,4.104,291677,35545,243.650,16.687,8.206,1461.902
1622.060,3499776,60,59.985,4.022,291684,35546,248.660,16.671,8.206,1491.959
1623.061,3499836,60,59.923,4.055,291689,33723,246.620,16.688,8.650,1479.723
1624.068,3499896,60,59.559,3.949,291694,35548,253.240,16.790,8.206,1519.442
1625.273,3499968,60,59.766,4.196,291698,35547,238.320,16.732,8.206,1429.919
1626.484,3500041,60,60.283,4.208,291701,35547,237.653,16.588,8.206,1425.915
1627.715,3500114,60,59.304,3.929,291710,35549,254.534,16.862,8.206,1527.204
1628.935,3500187,60,59.831,3.978,291719,35551,251.354,16.714,8.206,1508.121
1630.170,3500261,60,59.923,4.085,291723,33727,244.817,16.688,8.650,1468.901
1631.171,3500321,60,59.945,3.984,291728,35551,251.032,16.682,8.206,1506.194
1632.385,3500394,60,60.102,4.115,291738,35554,243.024,16.638,8.205,1458.143
1633.571,3500465,60,59.901,4.174,291756,35553,239.576,16.694,8.206,1437.458
1634.770,3500537,60,60.016,4.193,291753,35552,238.484,16.662,8.206,1430.905
1635.972,3500609,60,59.900,4.201,291763,35554,238.065,16.694,8.206,1428.390
1637.151,3500680,60,60.237,4.224,291760,35555,236.750,16.601,8.206,1420.499
1638.320,3500750,60,59.879,4.257,291766,35557,234.911,16.700,8.206,1409.464
1639.482,3500820,60,60.224,4.317,291764,33733,231.669,16.605,8.649,1390.012
1640.645,3500890,60,60.203,4.300,291782,35558,232.555,16.610,8.206,1395.331
1641.797,3500959,60,59.900,4.404,291777,35559,227.060,16.695,8.205,1362.360
1642.968,3501029,60,59.753,4.284,291798,33734,233.442,16.735,8.650,1400.654
1644.132,3501099,60,60.172,4.308,291793,35560,232.123,16.619,8.206,1392.739
1645.298,3501169,60,60.001,4.255,291800,35559,235.013,16.666,8.206,1410.076
1646.472,3501239,60,59.640,4.260,291799,35560,234.762,16.767,8.206,1408.574
1647.634,3501309,60,60.265,4.285,291814,33736,233.386,16.593,8.650,1400.316
1648.881,3501383,60,59.344,3.988,291815,35562,250.777,16.851,8.206,1504.663
1649.881,3501443,60,59.986,3.994,291820,35563,250.401,16.671,8.206,1502.405
1651.050,3501513,60,59.897,4.250,291832,35562,235.293,16.695,8.206,1411.757
1652.226,3501584,60,60.350,4.214,291839,35564,237.305,16.570,8.206,1423.833
1653.449,3501657,60,59.691,4.060,291836,35565,246.330,16.753,8.206,1477.980
1654.669,3501730,60,59.843,4.151,291852,35567,240.877,16.710,8.206,1445.264
1655.848,3501801,60,60.199,4.215,291847,35565,237.270,16.611,8.206,1423.617
1657.016,3501871,60,59.941,4.283,291866,35566,233.505,16.683,8.206,1401.031
1658.245,3501944,60,59.425,3.906,291869,35568,256.039,16.828,8.206,1536.236
1659.447,3502016,60,59.900,4.092,291868,35568,244.360,16.695,8.206,1466.160
1660.665,3502089,60,59.930,4.183,291879,35569,239.063,16.686,8.206,1434.375
1661.858,3502161,60,60.314,4.120,291877,35570,242.707,16.580,8.206,1456.241
1663.055,3502231,60,58.489,4.281,291896,35571,233.582,17.097,8.206,1401.490
1664.064,3502291,60,59.489,3.965,291901,35571,252.202,16.810,8.206,1513.211
1665.069,3502351,60,59.693,3.976,291906,35571,251.497,16.753,8.206,1508.984
1666.160,3502411,60,54.969,3.513,291911,35572,284.689,18.192,8.206,1708.135
1667.203,3502471,60,57.555,3.901,291916,35573,256.376,17.375,8.206,1538.254
1668.215,3502531,60,59.289,3.936,291921,35573,254.093,16.866,8.206,1524.559
1669.215,3502591,60,59.980,3.988,291926,35573,250.754,16.672,8.206,1504.525
1670.442,3502665,60,60.328,4.136,291936,35575,241.773,16.576,8.206,1450.638
1671.616,3502735,60,59.628,4.264,291927,35576,234.498,16.771,8.206,1406.985
1672.619,3502795,60,59.834,4.001,291932,35577,249.931,16.713,8.206,1499.587
1673.804,3502866,60,59.898,4.224,291944,35577,236.734,16.695,8.206,1420.404
1674.816,3502926,60,59.312,3.957,291949,35578,252.695,16.860,8.206,1516.170
1675.838,3502986,60,58.710,3.919,291954,35579,255.163,17.033,8.206,1530.976
1676.859,3503046,60,58.715,3.875,291959,35579,258.041,17.031,8.206,1548.244
1677.874,3503106,60,59.165,4.011,291964,35579,249.306,16.902,8.206,1495.837
1678.883,3503166,60,59.414,3.980,291969,35581,251.278,16.831,8.206,1507.670
1680.064,3503237,60,60.134,4.190,291978,33757,238.648,16.630,8.649,1431.890
1681.233,3503307,60,59.896,4.291,291979,35581,233.019,16.696,8.206,1398.116
1682.473,3503381,60,59.682,3.956,291983,33758,252.765,16.755,8.649,1516.592
1683.481,3503441,60,59.504,3.963,291988,35582,252.335,16.806,8.206,1514.010
1684.679,3503513,60,60.100,4.200,291994,35586,238.085,16.639,8.205,1428.511
1685.900,3503586,60,59.814,3.994,292004,35584,250.391,16.719,8.206,1502.345
1687.124,3503659,60,59.622,4.037,292002,35585,247.723,16.772,8.206,1486.338
1688.135,3503719,60,59.352,3.928,292007,35587,254.572,16.849,8.205,1527.431
1689.137,3503779,60,59.892,3.955,292012,35587,252.836,16.697,8.206,1517.017
1690.343,3503851,60,59.684,4.135,292031,35585,241.840,16.755,8.207,1451.042
1691.345,3503911,60,59.894,3.979,292036,35587,251.317,16.696,8.206,1507.902
1692.565,3503984,60,59.840,4.016,292039,35588,249.027,16.711,8.206,1494.163
1693.779,3504057,60,60.125,4.192,292036,35589,238.534,16.632,8.206,1431.204
1694.967,3504128,60,59.765,4.283,292052,35590,233.476,16.732,8.206,1400.856
1696.215,3504201,60,58.495,4.154,292047,35591,240.712,17.095,8.206,1444.271
1697.226,3504261,60,59.361,3.929,292052,33766,254.539,16.846,8.649,1527.236
1698.237,3504321,60,59.317,3.985,292057,35592,250.951,16.859,8.206,1505.709
1699.484,3504396,60,60.168,4.018,292069,33766,248.903,16.620,8.650,1493.421
1700.698,3504469,60,60.088,4.114,292075,33769,243.097,16.642,8.649,1458.583
1701.863,3504539,60,60.103,4.293,292074,35595,232.964,16.638,8.205,1397.784
1703.059,3504610,60,59.393,4.282,292092,35595,233.517,16.837,8.206,1401.100
1704.269,3504683,60,60.290,4.110,292090,35596,243.299,16.587,8.206,1459.796
1705.493,3504756,60,59.665,4.005,292099,33770,249.673,16.760,8.650,1498.035
1706.712,3504829,60,59.868,4.195,292105,33772,238.381,16.703,8.649,1430.286
1707.934,3504902,60,59.732,3.963,292109,35597,252.337,16.741,8.206,1514.020
1709.159,3504975,60,59.591,4.039,292120,35598,247.573,16.781,8.206,1485.438
1710.396,3505049,60,59.846,4.065,292133,35600,246.017,16.710,8.206,1476.103
1711.401,3505109,60,59.697,3.976,292138,33774,251.530,16.751,8.650,1509.178
1712.573,3505179,60,59.743,4.295,292133,35601,232.822,16.738,8.206,1396.930
1713.576,3505239,60,59.777,4.000,292138,35601,250.004,16.729,8.206,1500.026
1714.584,3505299,60,59.517,3.965,292143,35603,252.205,16.802,8.206,1513.230
1715.587,3505359,60,59.844,3.994,292148,35602,250.348,16.710,8.206,1502.091
1716.789,3505431,60,59.887,4.278,292158,35604,233.736,16.698,8.206,1402.417
1717.803,3505491,60,59.213,3.949,292163,35603,253.200,16.888,8.206,1519.201
1719.029,3505564,60,59.508,3.966,292170,33780,252.131,16.805,8.649,1512.788
1720.029,3505624,60,59.991,3.996,292175,35604,250.274,16.669,8.206,1501.645
1721.036,3505684,60,59.622,3.953,292180,33780,252.941,16.772,8.649,1517.648
1722.266,3505758,60,60.136,4.025,292180,35606,248.434,16.629,8.206,1490.603
1723.268,3505818,60,59.914,3.994,292185,35608,250.373,16.691,8.206,1502.238
1724.449,3505889,60,60.095,4.195,292203,35607,238.371,16.640,8.206,1430.225
1725.653,3505961,60,59.829,4.182,292198,35608,239.136,16.714,8.206,1434.814
1726.655,3506021,60,59.853,3.991,292203,33784,250.559,16.708,8.649,1503.355
1727.661,3506081,60,59.647,3.959,292208,35610,252.614,16.765,8.206,1515.682
1728.906,3506155,60,59.454,3.918,292212,35610,255.224,16.820,8.206,1531.345
1730.086,3506226,60,60.135,4.290,292224,35611,233.087,16.629,8.206,1398.519
1731.331,3506300,60,59.467,3.988,292221,33786,250.762,16.816,8.649,1504.569
1732.570,3506374,60,59.735,4.072,292235,35613,245.576,16.740,8.206,1473.456
1733.578,3506434,60,59.501,3.943,292240,35612,253.585,16.807,8.206,1521.508
1734.581,3506494,60,59.818,3.981,292245,35615,251.221,16.717,8.206,1507.325
1735.816,3506568,60,59.909,3.976,292248,35615,251.511,16.692,8.206,1509.068
1737.048,3506641,60,59.279,3.955,292251,35615,252.820,16.869,8.206,1516.919
1738.249,3506713,60,59.913,4.192,292266,35615,238.569,16.691,8.206,1431.416
1739.264,3506773,60,59.167,3.987,292271,33791,250.838,16.901,8.649,1505.027
1740.481,3506846,60,59.955,4.197,292276,35618,238.270,16.679,8.206,1429.621
1741.670,3506917,60,59.698,4.284,292276,33790,233.425,16.751,8.650,1400.552
1742.679,3506977,60,59.486,3.984,292281,35620,251.019,16.811,8.206,1506.115
1743.925,3507051,60,59.373,3.979,292293,35620,251.333,16.843,8.206,1507.997
1744.930,3507111,60,59.721,3.978,292298,35622,251.372,16.744,8.206,1508.232
1745.930,3507171,60,59.976,3.978,292303,35620,251.361,16.673,8.206,1508.168
1746.938,3507231,60,59.558,3.998,292308,35623,250.148,16.790,8.206,1500.889
1747.944,3507291,60,59.620,3.969,292313,35622,251.951,16.773,8.206,1511.707
1748.958,3507351,60,59.175,3.939,292318,35625,253.901,16.899,8.205,1523.408
1749.967,3507411,60,59.478,3.955,292323,35623,252.862,16.813,8.206,1517.174
1751.212,3507485,60,59.417,3.908,292341,33797,255.882,16.830,8.650,1535.291
1752.215,3507545,60,59.855,3.994,292346,35625,250.379,16.707,8.206,1502.273
1753.453,3507619,60,59.763,4.064,292332,35626,246.072,16.733,8.206,1476.433
1754.702,3507694,60,60.053,3.989,292345,35626,250.717,16.652,8.206,1504.302
1755.969,3507768,60,58.415,3.985,292348,35626,250.945,17.119,8.206,1505.673
1756.980,3507828,60,59.343,3.964,292353,33801,252.251,16.851,8.649,1513.507
1757.988,3507888,60,59.535,3.954,292358,35628,252.906,16.797,8.206,1517.434
1759.003,3507948,60,59.111,3.907,292363,33801,255.923,16.917,8.650,1535.536
1760.012,3508008,60,59.441,3.940,292368,35629,253.800,16.823,8.206,1522.798
1761.017,3508068,60,59.710,3.990,292373,33804,250.620,16.748,8.649,1503.720
1762.021,3508128,60,59.751,3.971,292378,35631,251.799,16.736,8.206,1510.795
1763.025,3508188,60,59.755,3.971,292383,33804,251.814,16.735,8.649,1510.886
1764.031,3508248,60,59.630,3.992,292388,35631,250.483,16.770,8.206,1502.896
1765.043,3508308,60,59.287,3.974,292393,33806,251.633,16.867,8.649,1509.797
1766.055,3508368,60,59.337,3.931,292398,35633,254.384,16.853,8.206,1526.305
1767.064,3508428,60,59.435,3.963,292403,33807,252.331,16.825,8.649,1513.985
1768.309,3508502,60,59.436,4.067,292409,35634,245.907,16.825,8.206,1475.441
1769.347,3508562,60,57.828,3.803,292414,35634,262.920,17.293,8.206,1577.521
1770.348,3508622,60,59.937,3.981,292419,35636,251.203,16.684,8.206,1507.220
1771.584,3508696,60,59.847,3.999,292426,35635,250.048,16.709,8.206,1500.288
1772.594,3508756,60,59.416,3.979,292431,33810,251.318,16.830,8.649,1507.907
1773.798,3508828,60,59.822,4.188,292440,33810,238.795,16.716,8.650,1432.768
1774.808,3508888,60,59.396,4.009,292445,35639,249.426,16.836,8.206,1496.557
1775.812,3508948,60,59.721,3.962,292450,33811,252.412,16.745,8.650,1514.473
1776.821,3509008,60,59.475,3.968,292455,35639,251.987,16.814,8.206,1511.920
1777.833,3509068,60,59.311,3.946,292460,33812,253.444,16.860,8.650,1520.663
1778.854,3509128,60,58.763,3.967,292465,35641,252.053,17.018,8.206,1512.315
1779.859,3509188,60,59.687,3.978,292470,33813,251.371,16.754,8.650,1508.228
1780.869,3509248,60,59.441,3.973,292475,35641,251.692,16.823,8.206,1510.151
1781.882,3509308,60,59.228,3.991,292480,33815,250.552,16.884,8.649,1503.312
1782.901,3509368,60,58.855,3.926,292485,35643,254.728,16.991,8.206,1528.370
1784.095,3509428,60,50.245,3.336,292490,33816,299.784,19.903,8.649,1798.707
1785.198,3509488,60,54.420,3.939,292495,35643,253.897,18.376,8.206,1523.384
1786.393,3509548,60,50.212,2.960,292500,33817,337.813,19.916,8.649,2026.875
1787.402,3509608,60,59.424,3.935,292505,35646,254.118,16.828,8.206,1524.707
1788.645,3509682,60,59.562,4.081,292509,35646,245.037,16.789,8.206,1470.224
1789.662,3509742,60,58.999,3.964,292514,35646,252.287,16.949,8.206,1513.724
1790.669,3509802,60,59.573,3.949,292519,35647,253.202,16.786,8.206,1519.212
1791.673,3509862,60,59.752,3.991,292524,35649,250.537,16.736,8.206,1503.222
1792.681,3509922,60,59.553,3.960,292529,35649,252.525,16.792,8.206,1515.153
1793.903,3509995,60,59.728,3.980,292532,35649,251.271,16.743,8.206,1507.623
1795.140,3510069,60,59.813,4.073,292544,33821,245.516,16.719,8.650,1473.093
1796.163,3510129,60,58.629,3.860,292549,35651,259.086,17.056,8.206,1554.517
1797.403,3510202,60,58.911,3.972,292552,35652,251.767,16.975,8.206,1510.600
1798.416,3510262,60,59.207,3.953,292557,35651,253.003,16.890,8.206,1518.016
1799.438,3510322,60,58.682,3.877,292562,35653,257.900,17.041,8.206,1547.398
1800.457,3510382,60,58.895,3.951,292567,35653,253.113,16.979,8.206,1518.681
1801.466,3510442,60,59.494,3.977,292572,35655,251.450,16.809,8.206,1508.703
1802.472,3510502,60,59.603,3.977,292577,35653,251.444,16.778,8.206,1508.662
1803.700,3510575,60,59.475,3.996,292583,35656,250.226,16.814,8.206,1501.354
1804.947,3510650,60,60.148,4.020,292591,35656,248.739,16.626,8.206,1492.434
1805.949,3510710,60,59.839,3.985,292596,35658,250.967,16.711,8.206,1505.802
1806.956,3510770,60,59.581,3.958,292601,35656,252.652,16.784,8.206,1515.913
1807.960,3510830,60,59.752,3.974,292606,35659,251.648,16.736,8.206,1509.888
1808.970,3510890,60,59.448,3.945,292611,35659,253.507,16.821,8.206,1521.041
1809.984,3510950,60,59.146,3.971,292616,35661,251.840,16.907,8.205,1511.038
1810.986,3511010,60,59.905,3.998,292621,35659,250.102,16.693,8.206,1500.613
1812.185,3511082,60,60.029,4.197,292624,35660,238.244,16.659,8.206,1429.463
1813.186,3511142,60,59.966,3.993,292629,35662,250.431,16.676,8.206,1502.587
1814.205,3511201,60,57.906,3.876,292631,35662,257.988,17.269,8.206,1547.925
1815.211,3511261,60,59.637,3.958,292636,33833,252.668,16.768,8.649,1516.007
1816.249,3511321,60,57.816,3.743,292641,35662,267.147,17.296,8.206,1602.885
1817.499,3511396,60,59.980,4.006,292651,33836,249.622,16.672,8.649,1497.733
1818.500,3511456,60,59.914,3.991,292656,35665,250.578,16.691,8.206,1503.466
1819.509,3511516,60,59.471,3.933,292661,33836,254.241,16.815,8.649,1525.443
1820.524,3511576,60,59.135,3.899,292666,35665,256.504,16.910,8.206,1539.025
1821.536,3511636,60,59.279,3.968,292671,33838,252.046,16.869,8.649,1512.277
1822.542,3511696,60,59.617,3.977,292676,35667,251.448,16.774,8.206,1508.689
1823.788,3511771,60,60.223,4.028,292691,35666,248.233,16.605,8.206,1489.397
1824.955,3511841,60,59.985,4.275,292688,35668,233.921,16.671,8.206,1403.527
1826.192,3511915,60,59.819,3.981,292692,35671,251.217,16.717,8.205,1507.301
1827.352,3511985,60,60.333,4.295,292716,35670,232.825,16.575,8.206,1396.950
1828.565,3512057,60,59.363,4.034,292713,35669,247.872,16.846,8.206,1487.229
1829.584,3512117,60,58.905,3.868,292718,33842,258.507,16.976,8.650,1551.040
1830.584,3512177,60,59.974,3.982,292723,35671,251.155,16.674,8.206,1506.931
1831.802,3512250,60,59.928,4.173,292729,35672,239.636,16.687,8.206,1437.818
1833.038,3512324,60,59.885,4.062,292734,33843,246.182,16.699,8.650,1477.094
1834.040,3512384,60,59.875,3.990,292739,35674,250.628,16.702,8.206,1503.767
1835.282,3512458,60,59.573,4.088,292739,35675,244.608,16.786,8.206,1467.651
1836.295,3512518,60,59.238,3.916,292744,35674,255.386,16.881,8.206,1532.318
1837.298,3512578,60,59.843,3.991,292749,35675,250.560,16.710,8.206,1503.360
1838.338,3512638,60,57.697,3.717,292754,35676,269.063,17.332,8.206,1614.377
1839.537,3512698,60,50.039,3.273,292759,35677,305.560,19.984,8.206,1833.358
1840.588,3512757,60,56.109,3.542,292761,33849,282.299,17.822,8.649,1693.791
1841.743,3512817,60,51.944,3.150,292766,35677,317.481,19.251,8.206,1904.888
1842.979,3512891,60,59.867,4.087,292781,35679,244.684,16.704,8.206,1468.104
1844.196,3512964,60,60.014,4.191,292788,33850,238.629,16.663,8.650,1431.773
1845.204,3513024,60,59.528,3.934,292793,35680,254.175,16.799,8.206,1525.049
1846.231,3513083,60,57.443,3.894,292790,35680,256.780,17.409,8.206,1540.682
1847.482,3513158,60,59.953,4.007,292798,35681,249.537,16.680,8.206,1497.222
1848.490,3513218,60,59.493,3.993,292803,35683,250.415,16.809,8.206,1502.487
1849.717,3513291,60,59.526,4.133,292813,35682,241.951,16.799,8.206,1451.706
1850.723,3513351,60,59.587,3.938,292818,35684,253.925,16.782,8.206,1523.550
1851.729,3513411,60,59.662,3.967,292823,35684,252.063,16.761,8.206,1512.376
1852.741,3513471,60,59.272,3.926,292828,35686,254.682,16.871,8.206,1528.092
1853.744,3513531,60,59.824,3.983,292833,35685,251.058,16.716,8.206,1506.349
1854.760,3513591,60,59.050,3.948,292838,35686,253.280,16.935,8.206,1519.680
1855.763,3513651,60,59.822,3.979,292843,35686,251.344,16.716,8.206,1508.065
1856.985,3513724,60,59.771,4.091,292850,33858,244.465,16.730,8.649,1466.788
1857.994,3513784,60,59.421,3.991,292855,35688,250.581,16.829,8.206,1503.488
1859.005,3513844,60,59.373,3.958,292860,33858,252.637,16.843,8.650,1515.822
1860.015,3513904,60,59.393,3.935,292865,35689,254.143,16.837,8.206,1524.858
1861.021,3513964,60,59.632,3.954,292870,33860,252.935,16.770,8.649,1517.608
1862.026,3514024,60,59.734,3.993,292875,35691,250.457,16.741,8.206,1502.745
1863.040,3514084,60,59.177,3.983,292880,33860,251.066,16.898,8.650,1506.394
1864.044,3514144,60,59.732,3.967,292885,35692,252.078,16.741,8.206,1512.470
1865.295,3514219,60,59.948,3.982,292882,35693,251.129,16.681,8.206,1506.773
1866.298,3514278,60,58.829,3.919,292890,35694,255.147,16.998,8.206,1530.881
1867.311,3514338,60,59.253,3.972,292895,35693,251.766,16.877,8.206,1510.598
1868.577,3514413,60,59.228,3.846,292907,33864,259.977,16.884,8.650,1559.860
1869.592,3514473,60,59.139,3.902,292912,35695,256.286,16.909,8.206,1537.715
1870.605,3514533,60,59.189,3.944,292917,33866,253.564,16.895,8.649,1521.386
1871.834,3514607,60,60.243,4.029,292920,35695,248.178,16.599,8.206,1489.070
1873.000,3514677,60,60.029,4.277,292921,33867,233.828,16.659,8.649,1402.970
1874.205,3514749,60,59.740,4.063,292934,33867,246.146,16.739,8.650,1476.876
1875.225,3514809,60,58.812,3.872,292939,35699,258.237,17.003,8.206,1549.423
1876.242,3514869,60,59.015,3.924,292944,33867,254.846,16.945,8.650,1529.075
1877.265,3514929,60,58.669,3.989,292949,35700,250.711,17.045,8.206,1504.267
1878.443,3515000,60,60.255,4.219,292946,35701,237.049,16.596,8.206,1422.294
1879.698,3515074,60,58.949,3.897,292960,35700,256.587,16.964,8.206,1539.524
1880.715,3515134,60,59.015,3.926,292965,35702,254.690,16.945,8.206,1528.142
1881.726,3515194,60,59.353,3.987,292970,35701,250.789,16.848,8.206,1504.732
1882.733,3515254,60,59.582,3.951,292975,35704,253.087,16.783,8.206,1518.520
1883.747,3515314,60,59.170,3.919,292980,35703,255.198,16.900,8.206,1531.186
1884.754,3515374,60,59.557,3.962,292985,35704,252.394,16.791,8.206,1514.362
1885.760,3515434,60,59.691,3.990,292990,35704,250.649,16.753,8.206,1503.894
1886.765,3515494,60,59.666,3.969,292995,35707,251.970,16.760,8.206,1511.817
1887.773,3515554,60,59.543,3.979,293000,35706,251.295,16.795,8.206,1507.767
1888.778,3515614,60,59.681,3.985,293005,35707,250.960,16.756,8.206,1505.759
1890.008,3515687,60,59.377,3.903,293010,35707,256.200,16.842,8.206,1537.200
1891.011,3515747,60,59.823,3.993,293015,35707,250.468,16.716,8.206,1502.805
1892.011,3515807,60,59.946,3.997,293020,35709,250.207,16.682,8.206,1501.240
1893.220,3515879,60,59.554,3.951,293019,35707,253.131,16.792,8.206,1518.783
1894.230,3515939,60,59.441,3.981,293024,35710,251.171,16.823,8.206,1507.026
1895.231,3515999,60,59.957,3.998,293029,35709,250.126,16.678,8.206,1500.755
1896.418,3516070,60,59.790,4.181,293047,35711,239.157,16.725,8.206,1434.944
1897.419,3516130,60,59.930,3.997,293052,35712,250.164,16.686,8.206,1500.986
1898.432,3516190,60,59.257,3.942,293057,35712,253.651,16.876,8.206,1521.905
1899.671,3516264,60,59.692,4.004,293063,35714,249.777,16.753,8.206,1498.659
1900.939,3516338,60,58.367,4.058,293063,35715,246.430,17.133,8.206,1478.578
1901.964,3516398,60,58.563,3.892,293068,35713,256.965,17.076,8.206,1541.791
1902.983,3516458,60,58.872,3.942,293073,35716,253.661,16.986,8.206,1521.964
