elapsed_seconds,generation,target_gen_per_s,actual_gen_per_s,fps,alive,chunks,frame_ms,ms_per_generation,alive_per_chunk,frame_budget_usage_pct
8.056,3405359,60,46.501,4.346,283809,34586,230.097,21.505,8.206,1380.584
9.192,3405429,60,61.606,4.279,283824,32813,233.712,16.232,8.650,1402.275
10.199,3405490,60,60.583,5.047,283832,34589,198.127,16.506,8.206,1188.763
11.226,3405546,60,54.529,3.755,283834,34587,266.332,18.339,8.206,1597.990
12.299,3405606,60,55.895,3.721,283839,34590,268.774,17.891,8.206,1612.643
13.378,3405666,60,55.654,3.678,283844,34589,271.865,17.968,8.206,1631.192
14.459,3405726,60,55.484,3.724,283849,34592,268.525,18.023,8.206,1611.153
15.538,3405786,60,55.605,3.667,283854,34590,272.716,17.984,8.206,1636.299
16.602,3405846,60,56.413,3.770,283859,34592,265.228,17.726,8.206,1591.369
17.694,3405906,60,54.936,3.619,283864,34592,276.346,18.203,8.206,1658.077
18.754,3405966,60,56.592,3.773,283869,34594,265.044,17.670,8.206,1590.265
19.818,3406026,60,56.411,3.739,283874,34593,267.426,17.727,8.206,1604.554
20.874,3406086,60,56.768,3.794,283879,34594,263.566,17.616,8.206,1581.397
21.931,3406146,60,56.812,3.787,283884,34595,264.080,17.602,8.206,1584.477
22.997,3406206,60,56.289,3.764,283889,34596,265.643,17.765,8.206,1593.856
24.038,3406266,60,57.591,3.856,283894,34596,259.340,17.364,8.206,1556.041
25.084,3406326,60,57.398,3.859,283899,34596,259.166,17.422,8.206,1554.997
26.158,3406386,60,55.831,3.754,283904,34597,266.408,17.911,8.206,1598.449
27.211,3406446,60,57.008,3.877,283909,34598,257.964,17.541,8.206,1547.781
28.233,3406506,60,58.697,3.847,283914,34599,259.911,17.037,8.206,1559.467
29.258,3406566,60,58.526,3.910,283919,34598,255.767,17.087,8.206,1534.604
30.290,3406626,60,58.131,3.891,283924,34600,256.991,17.202,8.206,1541.945
31.307,3406686,60,59.037,3.964,283929,34600,252.248,16.939,8.206,1513.488
32.313,3406746,60,59.633,3.922,283934,34602,254.989,16.769,8.206,1529.936
33.324,3406806,60,59.328,3.971,283939,34601,251.828,16.855,8.206,1510.967
34.558,3406880,60,59.978,4.109,283936,34603,243.346,16.673,8.206,1460.076
35.733,3406951,60,60.421,4.248,283956,34603,235.395,16.550,8.206,1412.372
36.893,3407021,60,60.364,4.306,283953,32830,232.217,16.566,8.649,1393.304
37.994,3407088,60,60.846,4.695,283958,34603,213.006,16.435,8.206,1278.037
39.012,3407150,60,60.923,4.794,283966,34606,208.578,16.414,8.206,1251.466
40.167,3407220,60,60.598,5.122,283964,32831,195.245,16.502,8.649,1171.467
41.196,3407283,60,61.189,5.752,283979,34606,173.860,16.343,8.206,1043.161
42.267,3407348,60,60.683,6.744,283987,32831,148.277,16.479,8.650,889.661
43.298,3407410,60,60.158,6.776,283992,34608,147.583,16.623,8.206,885.497
44.370,3407472,60,57.850,5.376,283997,34607,186.028,17.286,8.206,1116.167
45.412,3407536,60,61.376,5.940,283996,34609,168.359,16.293,8.206,1010.153
46.413,3407596,60,59.980,6.001,284001,32834,166.651,16.672,8.650,999.905
47.519,3407663,60,60.563,6.260,284005,34610,159.750,16.512,8.206,958.498
48.560,3407726,60,60.518,6.779,284016,34610,147.524,16.524,8.206,885.142
49.589,3407788,60,60.258,6.932,284020,32837,144.249,16.595,8.649,865.495
50.641,3407852,60,60.865,7.580,284031,32836,131.929,16.430,8.650,791.574
51.653,3407914,60,61.230,8.752,284030,34612,114.255,16.332,8.206,685.527
52.687,3407975,60,58.974,8.915,284033,34615,112.171,16.957,8.205,673.028
53.750,3408039,60,60.241,8.299,284038,34614,120.497,16.600,8.206,722.979
54.754,3408100,60,60.733,8.901,284045,32839,112.343,16.466,8.650,674.057
55.845,3408166,60,60.483,9.998,284058,34615,100.023,16.534,8.206,600.138
56.916,3408231,60,60.727,11.442,284058,34618,87.400,16.467,8.206,524.399
57.973,3408295,60,60.560,12.525,284057,34617,79.842,16.513,8.206,479.054
59.070,3408359,60,58.335,10.055,284059,34615,99.454,17.142,8.206,596.723
60.162,3408425,60,60.418,10.078,284086,34618,99.223,16.551,8.206,595.341
61.224,3408489,60,60.288,10.297,284079,34620,97.117,16.587,8.206,582.700
62.266,3408552,60,60.416,11.374,284087,34619,87.923,16.552,8.206,527.538
63.310,3408615,60,60.379,12.546,284090,34618,79.708,16.562,8.206,478.250
64.318,3408676,60,60.492,14.747,284091,32846,67.810,16.531,8.649,406.860
65.374,3408740,60,60.600,15.035,284091,32846,66.510,16.502,8.649,399.058
66.430,3408803,60,59.693,15.060,284100,34623,66.400,16.753,8.206,398.400
67.491,3408867,60,60.290,15.175,284109,34622,65.896,16.587,8.206,395.375
68.500,3408928,60,60.483,20.165,284115,34623,49.591,16.534,8.206,297.547
69.544,3408991,60,60.315,20.101,284126,34622,49.749,16.580,8.207,298.495
70.545,3409051,60,59.985,20.090,284131,34625,49.775,16.671,8.206,298.650
71.574,3409113,60,60.223,20.729,284132,34623,48.241,16.605,8.206,289.448
72.580,3409173,60,59.631,27.918,284137,32850,35.820,16.770,8.650,214.918
73.626,3409236,60,60.271,20.186,284139,32850,49.539,16.592,8.650,297.234
74.626,3409296,60,59.991,27.070,284144,34628,36.942,16.669,8.206,221.649
75.674,3409359,60,60.105,23.197,284148,34627,43.109,16.638,8.206,258.657
76.705,3409420,60,59.153,19.773,284155,32852,50.573,16.905,8.650,303.437
77.706,3409480,60,59.931,17.355,284160,34628,57.619,16.686,8.206,345.717
78.731,3409541,60,59.530,14.827,284163,32854,67.444,16.798,8.649,404.665
79.796,3409605,60,60.086,15.072,284181,32853,66.349,16.643,8.650,398.095
80.806,3409665,60,59.404,14.801,284186,34630,67.561,16.834,8.206,405.364
81.842,3409725,60,57.906,8.944,284191,32855,111.810,17.269,8.650,670.858
82.865,3409787,60,60.620,10.093,284185,34632,99.077,16.496,8.206,594.462
83.886,3409849,60,60.713,11.372,284190,34632,87.933,16.471,8.206,527.596
84.921,3409911,60,59.943,11.355,284198,34633,88.070,16.683,8.206,528.421
86.002,3409976,60,60.096,11.910,284198,34633,83.963,16.640,8.206,503.776
87.004,3410036,60,59.922,12.130,284203,32859,82.443,16.688,8.649,494.660
88.031,3410097,60,59.370,12.017,284206,34635,83.213,16.843,8.206,499.278
89.151,3410162,60,58.059,7.871,284214,34634,127.048,17.224,8.206,762.286
90.188,3410225,60,60.748,7.536,284236,34636,132.691,16.461,8.206,796.145
91.208,3410287,60,60.736,8.686,284229,34637,115.130,16.465,8.206,690.777
92.247,3410350,60,60.639,9.759,284237,34637,102.470,16.491,8.206,614.818
93.253,3410411,60,60.636,11.450,284241,34637,87.334,16.492,8.206,524.005
94.284,3410472,60,59.191,9.316,284247,34638,107.340,16.895,8.206,644.043
95.372,3410538,60,60.649,10.036,284245,34640,99.640,16.488,8.206,597.838
96.408,3410600,60,59.826,11.937,284246,34641,83.774,16.715,8.205,502.646
97.418,3410661,60,60.425,12.066,284252,32863,82.878,16.549,8.650,497.269
98.493,3410726,60,60.476,12.068,284266,34641,82.866,16.535,8.206,497.198
99.532,3410789,60,60.597,15.146,284278,32866,66.022,16.502,8.650,396.133
100.643,3410853,60,57.645,11.674,284277,32867,85.660,17.347,8.649,513.958
101.746,3410916,60,57.120,7.928,284279,32865,126.136,17.507,8.650,756.815
102.763,3410976,60,59.000,5.829,284284,34645,171.550,16.949,8.206,1029.303
103.958,3411047,60,59.368,5.057,284290,34645,197.760,16.844,8.206,1186.560
105.054,3411114,60,61.164,5.567,284298,34647,179.633,16.350,8.206,1077.800
106.196,3411183,60,60.393,6.086,284304,34645,164.300,16.558,8.206,985.802
107.276,3411249,60,61.134,6.440,284309,34647,155.280,16.357,8.206,931.678
108.290,3411307,60,57.228,7.573,284314,34648,132.040,17.474,8.206,792.237
109.461,3411363,60,47.800,3.219,284319,34648,310.671,20.921,8.206,1864.026
110.513,3411422,60,56.072,3.454,284319,34648,289.490,17.834,8.206,1736.937
111.665,3411481,60,51.247,3.024,284321,34648,330.642,19.513,8.206,1983.850
112.814,3411551,60,60.924,4.433,284336,34648,225.562,16.414,8.206,1353.373
113.908,3411617,60,60.293,4.533,284343,34651,220.624,16.586,8.206,1323.746
114.961,3411681,60,60.795,4.659,284337,34651,214.616,16.449,8.206,1287.695
116.109,3411751,60,60.980,5.226,284356,34651,191.339,16.399,8.206,1148.034
117.196,3411817,60,60.720,5.581,284351,34654,179.173,16.469,8.205,1075.040
118.350,3411887,60,60.634,6.067,284360,34653,164.828,16.492,8.206,988.968
119.421,3411952,60,60.712,6.739,284373,34654,148.385,16.471,8.206,890.307
120.581,3412020,60,58.633,5.854,284364,32877,170.821,17.055,8.649,1024.923
121.686,3412088,60,61.541,6.152,284382,34656,162.553,16.249,8.206,975.316
122.766,3412154,60,61.095,7.389,284380,34656,135.330,16.368,8.206,811.981
123.832,3412218,60,60.035,8.650,284385,34655,115.606,16.657,8.206,693.638
124.952,3412281,60,56.258,6.157,284387,34657,162.413,17.775,8.206,974.478
126.084,3412350,60,60.951,5.398,284404,34657,185.265,16.407,8.206,1111.589
127.177,3412416,60,60.351,5.503,284404,34659,181.716,16.570,8.206,1090.299
128.257,3412482,60,61.144,6.638,284409,34658,150.651,16.355,8.206,903.907
129.371,3412550,60,61.031,7.408,284416,34661,134.995,16.385,8.206,809.969
130.395,3412612,60,60.538,7.744,284428,32883,129.129,16.518,8.650,774.774
131.414,3412674,60,60.883,8.953,284428,34662,111.688,16.425,8.206,670.131
132.423,3412735,60,60.443,9.753,284427,34661,102.531,16.545,8.206,615.189
133.537,3412801,60,59.219,9.117,284431,34662,109.680,16.886,8.206,658.082
134.601,3412865,60,60.142,8.335,284456,34663,119.975,16.627,8.206,719.847
135.696,3412931,60,60.285,9.367,284451,34664,106.762,16.588,8.206,640.574
136.746,3412994,60,59.997,9.897,284450,34664,101.040,16.668,8.206,606.242
137.831,3413060,60,60.824,10.112,284451,32887,98.889,16.441,8.649,593.336
138.886,3413123,60,59.749,10.443,284460,34666,95.754,16.737,8.206,574.525
139.890,3413183,60,59.756,9.997,284465,34666,100.035,16.735,8.206,600.210
140.986,3413249,60,60.192,9.923,284483,34666,100.781,16.614,8.206,604.685
142.062,3413314,60,60.424,10.436,284480,34667,95.820,16.550,8.206,574.921
143.139,3413379,60,60.336,11.997,284483,34669,83.353,16.574,8.206,500.116
144.196,3413443,60,60.548,12.087,284492,34668,82.735,16.516,8.206,496.412
145.201,3413501,60,57.717,11.669,284493,32891,85.700,17.326,8.650,514.199
146.322,3413567,60,58.884,6.955,284500,34670,143.779,16.983,8.206,862.676
147.385,3413631,60,60.234,7.587,284508,34672,131.803,16.602,8.206,790.816
148.455,3413696,60,60.741,8.427,284508,34671,118.671,16.463,8.206,712.027
149.529,3413761,60,60.487,9.197,284511,34671,108.727,16.532,8.206,652.363
150.625,3413827,60,60.236,10.126,284524,34673,98.756,16.601,8.206,592.539
151.699,3413890,60,58.661,9.484,284532,34674,105.442,17.047,8.206,632.651
152.743,3413953,60,60.322,7.615,284536,34673,131.325,16.578,8.206,787.951
153.752,3414013,60,59.468,7.583,284541,32896,131.881,16.816,8.650,791.287
154.855,3414078,60,58.934,6.936,284540,34676,144.174,16.968,8.206,865.044
155.858,3414139,60,60.831,7.153,284542,34676,139.808,16.439,8.206,838.846
156.932,3414203,60,59.586,7.342,284550,34677,136.208,16.782,8.206,817.250
158.004,3414268,60,60.651,7.535,284560,32898,132.717,16.488,8.650,796.302
159.137,3414333,60,57.363,7.794,284567,32900,128.309,17.433,8.649,769.857
160.332,3414404,60,59.410,4.892,284574,32900,204.418,16.832,8.650,1226.508
161.436,3414471,60,60.704,5.543,284578,34680,180.395,16.474,8.206,1082.372
162.450,3414533,60,61.146,5.889,284579,32901,169.814,16.354,8.650,1018.882
163.540,3414599,60,60.562,6.434,284579,34680,155.428,16.512,8.206,932.568
164.555,3414660,60,60.083,6.987,284584,32903,143.116,16.644,8.649,858.694
165.671,3414728,60,60.923,7.619,284602,34682,131.248,16.414,8.206,787.488
166.762,3414793,60,59.591,7.165,284606,34681,139.575,16.781,8.206,837.447
167.844,3414857,60,59.136,7.164,284613,34683,139.593,16.910,8.206,837.558
168.917,3414921,60,59.644,6.758,284607,34685,147.963,16.766,8.205,887.778
169.965,3414985,60,61.099,6.758,284616,34684,147.975,16.367,8.206,887.853
171.016,3415049,60,60.852,7.633,284633,34684,131.009,16.433,8.206,786.053
172.095,3415114,60,60.254,8.326,284630,34685,120.101,16.596,8.206,720.604
173.163,3415178,60,59.930,8.279,284633,34688,120.792,16.686,8.206,724.753
174.203,3415241,60,60.595,8.647,284638,34686,115.643,16.503,8.206,693.857
175.260,3415302,60,57.709,7.979,284644,34687,125.330,17.328,8.206,751.980
176.313,3415364,60,58.843,5.488,284654,32909,182.222,16.994,8.650,1093.329
177.361,3415427,60,60.140,5.460,284655,34689,183.158,16.628,8.206,1098.948
178.392,3415489,60,60.113,5.696,284660,34689,175.572,16.635,8.206,1053.430
179.417,3415550,60,59.503,5.642,284666,34691,177.254,16.806,8.206,1063.525
180.432,3415612,60,61.111,5.695,284678,32912,175.597,16.364,8.650,1053.580
181.482,3415676,60,60.968,6.778,284673,32914,147.546,16.402,8.649,885.277
182.535,3415740,60,60.734,7.658,284674,32913,130.581,16.465,8.649,783.488
183.662,3415806,60,58.592,7.250,284689,34693,137.938,17.067,8.206,827.630
184.776,3415869,60,56.554,5.213,284694,32914,191.840,17.682,8.650,1151.037
185.960,3415939,60,59.120,4.309,284692,34694,232.066,16.915,8.206,1392.397
187.075,3416007,60,60.989,4.384,284704,34694,228.084,16.396,8.206,1368.506
188.124,3416071,60,60.981,4.698,284716,34694,212.844,16.399,8.206,1277.062
189.323,3416143,60,60.056,5.047,284717,34696,198.130,16.651,8.206,1188.780
190.459,3416212,60,60.781,5.410,284728,32918,184.841,16.452,8.650,1109.047
191.516,3416274,60,58.617,4.636,284728,34699,215.713,17.060,8.206,1294.279
192.520,3416335,60,60.780,4.980,284727,34698,200.796,16.453,8.206,1204.774
193.635,3416403,60,60.972,5.392,284739,34698,185.446,16.401,8.206,1112.676
194.654,3416465,60,60.840,5.902,284756,34700,169.431,16.437,8.206,1016.584
195.734,3416531,60,61.113,6.628,284751,34701,150.868,16.363,8.206,905.209
196.753,3416592,60,59.870,6.760,284757,34700,147.933,16.703,8.206,887.598
197.902,3416657,60,56.568,4.700,284763,34701,212.761,17.678,8.206,1276.569
198.975,3416722,60,60.570,4.639,284762,34703,215.579,16.510,8.206,1293.472
200.046,3416785,60,58.864,4.617,284766,34703,216.588,16.988,8.206,1299.527
201.073,3416848,60,61.299,4.961,284775,34703,201.572,16.313,8.206,1209.435
202.200,3416917,60,61.233,5.567,284776,32924,179.633,16.331,8.649,1077.799
203.238,3416980,60,60.710,5.503,284785,32926,181.735,16.472,8.649,1090.408
204.303,3417042,60,58.230,5.809,284789,34705,172.157,17.173,8.206,1032.940
205.370,3417105,60,59.037,4.648,284806,34706,215.159,16.939,8.206,1290.955
206.370,3417166,60,60.977,5.063,284808,34706,197.520,16.400,8.206,1185.122
207.560,3417237,60,59.689,4.970,284801,32929,201.208,16.754,8.649,1207.247
208.651,3417302,60,59.561,4.498,284809,34707,222.309,16.789,8.206,1333.851
209.735,3417367,60,59.952,4.579,284819,34709,218.410,16.680,8.206,1310.457
210.771,3417430,60,60.794,4.947,284827,34709,202.152,16.449,8.206,1212.914
211.903,3417499,60,60.990,5.535,284822,34711,180.668,16.396,8.206,1084.007
212.997,3417565,60,60.322,5.517,284831,32930,181.271,16.578,8.650,1087.626
214.148,3417635,60,60.807,6.103,284838,34711,163.851,16.445,8.206,983.107
215.216,3417700,60,60.833,6.594,284845,32933,151.659,16.438,8.649,909.956
216.353,3417767,60,58.941,7.372,284850,34713,135.646,16.966,8.206,813.876
217.421,3417832,60,60.869,6.722,284863,34713,148.768,16.429,8.206,892.606
218.523,3417899,60,60.815,7.578,284854,34714,131.961,16.443,8.206,791.766
219.584,3417963,60,60.311,7.611,284869,34715,131.380,16.581,8.206,788.283
220.672,3418029,60,60.655,8.630,284874,32935,115.880,16.487,8.650,695.283
221.738,3418094,60,61.009,9.851,284875,34715,101.511,16.391,8.206,609.064
222.775,3418157,60,60.719,12.097,284888,32937,82.666,16.469,8.649,495.997
223.777,3418218,60,60.869,12.182,284885,34718,82.086,16.429,8.206,492.517
224.831,3418280,60,58.841,14.854,284886,34719,67.323,16.995,8.205,403.937
225.889,3418343,60,59.562,10.257,284895,34717,97.499,16.789,8.206,584.992
226.980,3418409,60,60.486,10.031,284913,34719,99.686,16.533,8.206,598.117
228.041,3418473,60,60.309,11.447,284912,34720,87.358,16.581,8.206,524.148
229.116,3418538,60,60.451,12.083,284913,34722,82.763,16.542,8.206,496.578
230.118,3418599,60,60.904,15.218,284918,34719,65.713,16.419,8.206,394.280
231.180,3418663,60,60.241,15.039,284927,34722,66.493,16.600,8.206,398.960
232.181,3418723,60,59.965,19.961,284932,34721,50.098,16.676,8.206,300.587
233.233,3418784,60,57.966,11.601,284939,34724,86.196,17.251,8.206,517.175
234.243,3418845,60,60.422,10.337,284951,32942,96.736,16.550,8.650,580.418
235.249,3418905,60,59.620,12.021,284956,34724,83.186,16.773,8.206,499.116
236.283,3418968,60,60.947,12.222,284948,34725,81.819,16.408,8.206,490.913
237.320,3419030,60,59.795,13.816,284956,34728,72.382,16.724,8.205,434.295
238.453,3419095,60,57.361,11.513,284957,34725,86.858,17.433,8.206,521.145
239.538,3419160,60,59.907,7.571,284959,34726,132.077,16.693,8.206,792.462
240.638,3419227,60,60.893,8.435,284974,34728,118.557,16.422,8.206,711.343
241.679,3419290,60,60.516,8.702,284982,34730,114.921,16.525,8.206,689.528
242.780,3419356,60,59.931,9.870,284981,32948,101.318,16.686,8.649,607.909
243.811,3419416,60,58.218,8.041,284986,34729,124.369,17.177,8.206,746.211
244.895,3419479,60,58.148,6.754,284987,34731,148.056,17.197,8.206,888.335
245.957,3419543,60,60.240,5.453,284995,34732,183.383,16.600,8.206,1100.299
247.116,3419612,60,59.546,6.095,285011,32950,164.077,16.794,8.650,984.462
248.239,3419678,60,58.745,5.471,285008,34732,182.784,17.023,8.206,1096.702
249.340,3419742,60,58.136,4.604,285014,34732,217.187,17.201,8.206,1303.121
250.612,3419815,60,57.374,3.917,285017,34734,255.304,17.430,8.206,1531.821
251.645,3419875,60,58.118,3.820,285022,34735,261.749,17.207,8.206,1570.495
252.694,3419935,60,57.185,3.923,285027,34735,254.906,17.487,8.206,1529.438
253.730,3419995,60,57.916,3.854,285032,34737,259.501,17.266,8.205,1557.005
254.929,3420068,60,60.863,4.151,285047,32955,240.931,16.430,8.650,1445.586
256.084,3420138,60,60.642,4.334,285045,34735,230.739,16.490,8.206,1384.435
257.111,3420201,60,61.334,4.708,285047,34738,212.392,16.304,8.206,1274.353
258.286,3420272,60,60.401,5.041,285066,34737,198.379,16.556,8.206,1190.272
259.371,3420338,60,60.830,5.507,285063,34740,181.599,16.439,8.206,1089.597
260.521,3420408,60,60.885,6.089,285068,34738,164.242,16.424,8.206,985.453
261.605,3420472,60,59.069,6.580,285083,34741,151.978,16.929,8.206,911.866
262.684,3420536,60,59.269,5.557,285078,34741,179.944,16.872,8.206,1079.666
263.772,3420602,60,60.657,5.498,285084,34741,181.878,16.486,8.206,1091.268
264.816,3420665,60,60.377,5.871,285106,34741,170.333,16.563,8.207,1021.998
265.973,3420735,60,60.518,6.067,285100,34743,164.837,16.524,8.206,989.025
267.028,3420799,60,60.633,6.539,285097,34744,152.938,16.493,8.206,917.628
268.088,3420862,60,59.424,6.664,285107,34744,150.053,16.828,8.206,900.317
269.151,3420926,60,60.237,6.690,285116,34744,149.485,16.601,8.206,896.912
270.165,3420988,60,61.137,7.003,285120,32964,142.786,16.357,8.649,856.719
271.259,3421053,60,59.394,7.188,285127,32965,139.114,16.837,8.649,834.686
272.263,3421110,60,56.785,6.504,285134,34746,153.747,17.610,8.206,922.481
273.371,3421178,60,61.350,5.431,285133,34747,184.128,16.300,8.206,1104.767
274.515,3421245,60,58.585,5.456,285151,32966,183.282,17.069,8.650,1099.692
275.515,3421305,60,59.979,4.977,285156,34749,200.939,16.672,8.206,1205.635
276.662,3421375,60,61.027,5.198,285147,34749,192.380,16.386,8.206,1154.278
277.786,3421441,60,58.768,5.376,285151,34749,186.022,17.016,8.206,1116.135
278.946,3421509,60,58.582,4.258,285164,32968,234.852,17.070,8.650,1409.111
280.073,3421577,60,60.365,4.353,285173,34752,229.726,16.566,8.206,1378.358
281.107,3421635,60,56.098,3.757,285175,34752,266.145,17.826,8.206,1596.870
282.321,3421709,60,60.953,4.050,285188,32970,246.929,16.406,8.650,1481.577
283.500,3421779,60,59.348,4.170,285183,34754,239.827,16.850,8.206,1438.963
284.751,3421853,60,59.149,3.937,285189,32973,254.002,16.906,8.649,1524.010
285.768,3421913,60,59.029,3.945,285194,34755,253.484,16.941,8.206,1520.906
286.825,3421973,60,56.759,3.736,285199,32973,267.647,17.618,8.649,1605.885
287.999,3422044,60,60.482,4.229,285210,32974,236.464,16.534,8.650,1418.781
289.091,3422111,60,61.317,4.600,285216,34757,217.380,16.309,8.206,1304.283
290.267,3422183,60,61.223,5.112,285215,34756,195.613,16.334,8.206,1173.678
291.355,3422249,60,60.704,5.577,285233,34758,179.297,16.473,8.206,1075.783
292.526,3422319,60,59.772,5.969,285228,34758,167.526,16.730,8.206,1005.158
293.672,3422384,60,56.722,4.152,285239,34760,240.868,17.630,8.206,1445.207
294.822,3422454,60,60.872,4.346,285243,34759,230.084,16.428,8.206,1380.504
295.945,3422521,60,59.661,4.420,285241,34760,226.260,16.761,8.206,1357.563
297.026,3422587,60,61.030,4.695,285254,34762,212.982,16.385,8.206,1277.893
298.032,3422648,60,60.657,4.958,285262,34763,201.676,16.486,8.206,1210.058
299.146,3422713,60,58.351,4.479,285266,34761,223.270,17.138,8.206,1339.621
300.244,3422780,60,61.018,4.700,285261,32981,212.774,16.389,8.649,1276.643
301.350,3422845,60,58.778,4.602,285271,32982,217.317,17.013,8.649,1303.904
302.580,3422917,60,58.504,3.795,285276,32981,263.486,17.093,8.650,1580.916
303.817,3422989,60,58.232,4.035,285285,32983,247.815,17.173,8.649,1486.889
304.887,3423049,60,56.055,3.817,285290,34766,262.017,17.840,8.206,1572.103
305.921,3423108,60,57.044,3.972,285293,32985,251.791,17.530,8.649,1510.747
306.984,3423168,60,56.459,3.664,285298,34767,272.895,17.712,8.206,1637.372
308.064,3423228,60,55.575,3.607,285303,32985,277.271,17.994,8.649,1663.628
309.130,3423288,60,56.249,3.832,285308,34768,260.943,17.778,8.206,1565.659
310.197,3423348,60,56.232,3.839,285313,32987,260.457,17.784,8.649,1562.741
311.248,3423408,60,57.096,3.809,285318,34770,262.520,17.514,8.206,1575.121
312.324,3423468,60,55.780,3.774,285323,32987,264.974,17.928,8.650,1589.846
313.387,3423528,60,56.452,3.884,285328,34771,257.462,17.714,8.206,1544.774
314.467,3423588,60,55.555,3.823,285333,32990,261.548,18.000,8.649,1569.285
315.710,3423663,60,60.339,4.018,285344,34773,248.907,16.573,8.206,1493.441
316.848,3423732,60,60.603,4.408,285352,32990,226.847,16.501,8.650,1361.082
318.015,3423802,60,60.012,4.277,285352,34774,233.824,16.663,8.206,1402.944
319.093,3423868,60,61.204,4.693,285360,32992,213.098,16.339,8.649,1278.588
320.277,3423940,60,60.844,5.057,285365,32992,197.758,16.435,8.650,1186.550
321.357,3424006,60,61.078,5.528,285378,34775,180.901,16.373,8.206,1085.409
322.514,3424076,60,60.511,6.057,285373,32994,165.111,16.526,8.649,990.665
323.565,3424138,60,58.973,5.715,285379,34778,174.978,16.957,8.206,1049.866
324.661,3424204,60,60.247,5.561,285390,32995,179.839,16.598,8.649,1079.034
325.772,3424272,60,61.190,6.254,285397,34778,159.888,16.342,8.206,959.329
326.780,3424333,60,60.529,7.073,285401,32996,141.382,16.521,8.650,848.293
327.893,3424399,60,59.308,6.468,285397,34781,154.610,16.861,8.206,927.659
328.968,3424464,60,60.430,6.402,285413,34781,156.208,16.548,8.206,937.249
329.992,3424526,60,60.590,6.776,285416,34781,147.572,16.504,8.206,885.432
331.026,3424589,60,60.918,7.603,285428,32998,131.525,16.416,8.650,789.149
332.065,3424652,60,60.648,8.690,285431,33000,115.081,16.489,8.649,690.487
333.084,3424714,60,60.815,9.516,285430,34782,105.085,16.443,8.206,630.510
334.104,3424776,60,60.779,10.132,285434,34784,98.692,16.453,8.206,592.154
335.180,3424841,60,60.425,12.048,285438,34784,83.000,16.549,8.206,497.999
336.225,3424904,60,60.266,15.032,285449,34786,66.525,16.593,8.206,399.152
337.285,3424968,60,60.376,15.167,285448,34785,65.932,16.563,8.206,395.593
338.286,3425028,60,59.976,14.883,285453,33003,67.188,16.673,8.649,403.131
339.331,3425091,60,60.235,16.954,285463,34787,58.983,16.602,8.206,353.901
340.343,3425152,60,60.327,19.438,285473,34789,51.446,16.576,8.206,308.678
341.364,3425213,60,59.742,17.775,285469,33004,56.260,16.739,8.650,337.562
342.396,3425275,60,60.063,15.883,285472,34789,62.959,16.649,8.206,377.754
343.398,3425335,60,59.884,16.790,285477,34789,59.560,16.699,8.206,357.362
344.410,3425396,60,60.272,15.611,285483,33007,64.058,16.592,8.649,384.346
345.467,3425459,60,59.589,14.981,285484,34791,66.753,16.782,8.206,400.519
346.531,3425523,60,60.160,15.162,285499,34790,65.955,16.622,8.206,395.730
347.561,3425585,60,60.220,16.939,285516,34792,59.035,16.606,8.206,354.209
348.564,3425645,60,59.771,19.084,285521,33009,52.399,16.730,8.650,314.394
349.627,3425709,60,60.224,14.991,285514,33009,66.708,16.605,8.650,400.248
350.661,3425771,60,59.972,18.770,285521,34793,53.277,16.675,8.206,319.660
351.699,3425833,60,59.734,19.160,285526,34794,52.192,16.741,8.206,313.150
352.732,3425895,60,60.016,15.895,285530,34796,62.912,16.662,8.206,377.470
353.740,3425955,60,59.516,14.896,285535,34797,67.133,16.802,8.206,402.797
354.802,3426019,60,60.241,15.079,285532,34796,66.315,16.600,8.206,397.892
355.865,3426083,60,60.220,14.993,285540,34798,66.699,16.606,8.206,400.192
356.866,3426143,60,59.947,14.974,285545,34797,66.783,16.681,8.206,400.700
357.867,3426203,60,59.950,15.037,285550,34800,66.501,16.680,8.205,399.004
358.924,3426266,60,59.616,13.690,285561,34798,73.046,16.774,8.206,438.274
359.988,3426330,60,60.112,15.087,285569,34799,66.283,16.636,8.206,397.699
361.050,3426394,60,60.262,15.094,285570,34800,66.251,16.594,8.206,397.507
362.093,3426457,60,60.435,15.156,285571,34803,65.982,16.547,8.205,395.894
363.122,3426519,60,60.236,20.164,285578,34800,49.592,16.601,8.206,297.554
364.124,3426579,60,59.900,18.569,285583,34803,53.852,16.694,8.206,323.114
365.127,3426639,60,59.797,19.926,285588,34802,50.185,16.723,8.206,301.107
366.176,3426702,60,60.076,15.458,285594,34804,64.693,16.646,8.206,388.157
367.229,3426765,60,59.797,17.348,285611,33019,57.643,16.723,8.650,345.856
368.264,3426827,60,59.915,15.078,285605,34804,66.320,16.690,8.206,397.918
369.280,3426887,60,59.050,14.892,285610,34805,67.151,16.935,8.206,402.909
370.328,3426949,60,59.166,10.242,285615,33022,97.633,16.901,8.649,585.797
371.404,3427014,60,60.443,11.101,285623,34806,90.082,16.545,8.206,540.492
372.406,3427074,60,59.873,11.949,285628,34808,83.690,16.702,8.206,502.137
373.483,3427139,60,60.346,11.999,285624,34808,83.341,16.571,8.206,500.044
374.566,3427204,60,60.022,11.946,285640,33024,83.712,16.661,8.649,502.270
375.598,3427266,60,60.043,13.001,285644,34809,76.919,16.655,8.206,461.516
376.643,3427329,60,60.282,14.948,285649,34810,66.900,16.589,8.206,401.401
377.705,3427393,60,60.265,14.976,285656,34810,66.773,16.593,8.206,400.635
378.778,3427457,60,59.657,13.353,285663,34811,74.892,16.763,8.206,449.353
379.825,3427520,60,60.161,12.844,285656,34812,77.857,16.622,8.206,467.141
380.887,3427584,60,60.304,15.014,285673,34812,66.604,16.583,8.206,399.627
381.952,3427648,60,60.105,15.044,285675,34813,66.470,16.638,8.206,398.822
382.961,3427708,60,59.465,14.938,285680,33029,66.944,16.817,8.649,401.662
384.031,3427772,60,59.767,11.948,285691,33029,83.693,16.732,8.650,502.158
385.034,3427832,60,59.837,11.813,285696,34813,84.652,16.712,8.207,507.912
386.035,3427892,60,59.921,12.016,285701,33030,83.222,16.689,8.650,499.331
387.111,3427957,60,60.405,12.047,285696,33030,83.007,16.555,8.650,498.041
388.123,3428018,60,60.311,14.286,285703,34818,69.997,16.581,8.206,419.983
389.178,3428081,60,59.688,12.245,285708,34816,81.664,16.754,8.206,489.983
390.223,3428144,60,60.291,15.150,285719,34818,66.007,16.586,8.206,396.041
391.230,3428204,60,59.585,14.939,285724,33033,66.940,16.783,8.650,401.637
392.243,3428265,60,60.212,13.669,285736,34820,73.159,16.608,8.206,438.953
393.313,3428329,60,59.813,13.040,285730,34818,76.685,16.719,8.206,460.111
394.363,3428392,60,60.011,12.386,285743,34822,80.737,16.664,8.206,484.422
395.366,3428452,60,59.816,11.931,285748,33036,83.814,16.718,8.650,502.884
396.368,3428512,60,59.913,12.047,285753,34824,83.010,16.691,8.206,498.059
397.447,3428577,60,60.249,12.065,285746,34822,82.886,16.598,8.206,497.317
398.462,3428637,60,59.081,11.782,285751,33038,84.877,16.926,8.649,509.264
399.566,3428702,60,58.865,8.751,285759,34823,114.269,16.988,8.206,685.612
400.679,3428769,60,60.213,9.353,285769,34826,106.918,16.608,8.206,641.506
401.731,3428832,60,59.869,8.540,285777,34824,117.099,16.703,8.206,702.596
402.781,3428895,60,59.997,8.556,285780,34826,116.882,16.668,8.206,701.293
403.808,3428957,60,60.395,9.759,285788,33041,102.470,16.558,8.649,614.818
404.847,3429019,60,59.686,9.966,285782,34828,100.339,16.754,8.206,602.034
405.940,3429085,60,60.376,8.827,285791,33041,113.294,16.563,8.650,679.765
407.036,3429151,60,60.230,10.072,285806,34828,99.282,16.603,8.206,595.694
408.134,3429217,60,60.097,9.992,285801,34829,100.083,16.640,8.206,600.498
409.193,3429280,60,59.501,9.769,285810,34830,102.360,16.806,8.206,614.158
410.284,3429346,60,60.472,10.122,285823,34830,98.791,16.537,8.206,592.744
411.327,3429409,60,60.423,10.090,285820,34831,99.113,16.550,8.206,594.677
412.409,3429474,60,60.081,11.966,285828,34832,83.568,16.644,8.206,501.409
413.499,3429539,60,59.623,11.153,285824,34833,89.663,16.772,8.206,537.976
414.598,3429605,60,60.051,10.003,285851,33046,99.969,16.653,8.650,599.813
415.665,3429669,60,59.967,10.564,285844,33047,94.662,16.676,8.650,567.970
416.669,3429729,60,59.791,9.989,285849,34834,100.110,16.725,8.206,600.662
417.769,3429795,60,59.978,10.020,285855,34836,99.798,16.673,8.206,598.786
418.791,3429855,60,58.735,9.772,285860,34835,102.337,17.026,8.206,614.019
419.794,3429915,60,59.802,8.149,285865,34836,122.714,16.722,8.206,736.284
420.836,3429978,60,60.465,8.687,285865,34837,115.112,16.538,8.206,690.675
421.881,3430041,60,60.287,8.531,285867,34839,117.219,16.587,8.205,703.316
422.933,3430104,60,59.888,8.475,285883,34837,117.989,16.698,8.206,707.932
423.981,3430167,60,60.086,8.573,285884,34838,116.641,16.643,8.206,699.846
425.028,3430230,60,60.208,8.648,285894,34839,115.627,16.609,8.206,693.764
426.122,3430296,60,60.295,9.464,285894,34842,105.660,16.585,8.205,633.962
427.201,3430356,60,55.638,5.787,285899,33053,172.792,17.973,8.650,1036.754
428.256,3430410,60,51.165,3.953,285909,34840,253.001,19.544,8.206,1518.007
429.338,3430470,60,55.466,3.725,285914,34841,268.468,18.029,8.206,1610.806
430.423,3430528,60,53.426,3.371,285915,34842,296.621,18.717,8.206,1779.724
431.642,3430602,60,60.750,4.065,285919,34842,245.990,16.461,8.206,1475.940
432.796,3430672,60,60.661,4.332,285933,34845,230.818,16.485,8.206,1384.910
433.883,3430738,60,60.671,4.660,285929,34844,214.575,16.482,8.206,1287.450
434.910,3430800,60,60.411,4.782,285929,34845,209.130,16.553,8.206,1254.780
435.962,3430863,60,59.867,4.691,285944,34846,213.175,16.704,8.206,1279.052
437.009,3430926,60,60.200,4.860,285949,34847,205.770,16.611,8.206,1234.618
438.175,3430997,60,60.841,5.228,285958,33061,191.267,16.436,8.649,1147.603
439.344,3431067,60,59.886,5.140,285959,34849,194.563,16.698,8.206,1167.381
440.434,3431133,60,60.586,5.465,285967,33061,182.997,16.506,8.650,1097.979
441.490,3431197,60,60.576,5.870,285966,33061,170.358,16.508,8.650,1022.149
442.650,3431267,60,60.373,6.069,285975,34849,164.775,16.564,8.206,988.649
443.812,3431337,60,60.238,6.052,285976,34851,165.241,16.601,8.206,991.446
444.887,3431402,60,60.463,6.354,285984,34849,157.393,16.539,8.206,944.356
445.907,3431464,60,60.770,6.719,285995,34852,148.831,16.456,8.206,892.988
446.961,3431528,60,60.722,7.618,286002,34854,131.271,16.468,8.206,787.628
447.996,3431591,60,60.861,8.717,286006,34853,114.724,16.431,8.206,688.341
449.099,3431657,60,59.840,9.301,286013,34852,107.519,16.711,8.207,645.115
450.170,3431722,60,60.712,9.815,286012,34855,101.885,16.471,8.206,611.309
451.176,3431782,60,59.637,9.962,286017,34856,100.384,16.768,8.206,602.306
452.240,3431846,60,60.149,8.794,286026,34856,113.715,16.625,8.206,682.289
453.284,3431909,60,60.336,9.208,286038,33068,108.601,16.574,8.650,651.604
454.381,3431975,60,60.179,9.987,286033,34858,100.131,16.617,8.206,600.783
455.436,3432039,60,60.634,11.769,286038,34858,84.966,16.492,8.206,509.796
456.513,3432104,60,60.356,12.037,286049,34859,83.081,16.568,8.206,498.483
457.559,3432163,60,56.395,10.562,286052,34858,94.679,17.732,8.206,568.074
458.642,3432228,60,60.042,7.158,286053,33073,139.710,16.655,8.649,838.263
459.656,3432280,60,51.264,3.748,286060,34860,266.791,19.507,8.206,1600.744
460.803,3432340,60,52.332,3.585,286065,33074,278.977,19.109,8.649,1673.865
461.842,3432399,60,56.764,4.020,286068,34861,248.775,17.617,8.206,1492.650
462.910,3432459,60,56.206,3.995,286073,34862,250.292,17.792,8.206,1501.750
464.103,3432532,60,61.168,4.262,286088,33075,234.604,16.349,8.650,1407.625
465.261,3432602,60,60.467,4.296,286084,34864,232.791,16.538,8.206,1396.746
466.338,3432667,60,60.318,4.666,286094,34863,214.319,16.579,8.206,1285.914
467.391,3432731,60,60.779,4.810,286101,34865,207.893,16.453,8.206,1247.357
468.587,3432803,60,60.238,5.002,286100,34865,199.902,16.601,8.206,1199.409
469.781,3432875,60,60.271,5.048,286108,34866,198.109,16.592,8.206,1188.651
470.883,3432942,60,60.806,5.540,286114,34866,180.498,16.446,8.206,1082.988
471.960,3433007,60,60.334,5.635,286120,34867,177.475,16.574,8.206,1064.850
473.126,3433077,60,60.062,5.937,286121,33081,168.446,16.649,8.649,1010.676
474.282,3433147,60,60.532,6.054,286134,34869,165.183,16.520,8.206,991.097
475.395,3433214,60,60.228,6.175,286135,34869,161.943,16.603,8.206,971.660
476.459,3433278,60,60.121,6.546,286140,34871,152.774,16.633,8.206,916.642
477.496,3433341,60,60.764,6.756,286142,33083,148.010,16.457,8.649,888.062
478.575,3433406,60,60.229,7.462,286156,34871,134.013,16.603,8.206,804.080
479.643,3433470,60,59.967,7.437,286164,34871,134.458,16.676,8.206,806.750
480.720,3433535,60,60.337,7.546,286163,34874,132.528,16.574,8.206,795.169
481.767,3433598,60,60.171,7.691,286168,34873,130.016,16.619,8.206,780.095
482.830,3433662,60,60.213,7.536,286174,34874,132.703,16.608,8.206,796.220
483.889,3433726,60,60.405,8.353,286188,34874,119.710,16.555,8.206,718.262
484.935,3433789,60,60.264,8.580,286185,33088,116.546,16.594,8.649,699.274
485.981,3433852,60,60.202,8.598,286198,33088,116.311,16.611,8.650,697.867
486.998,3433913,60,60.014,8.782,286194,34878,113.866,16.663,8.206,683.193
488.009,3433974,60,60.327,9.183,286203,34876,108.900,16.576,8.206,653.401
489.100,3434040,60,60.497,10.041,286199,34877,99.593,16.530,8.206,597.556
490.182,3434103,60,58.228,8.625,286214,34879,115.940,17.174,8.206,695.638
491.228,3434166,60,60.198,7.518,286219,34880,133.006,16.612,8.206,798.037
492.269,3434229,60,60.547,8.663,286224,33090,115.437,16.516,8.650,692.620
493.319,3434292,60,59.985,8.581,286232,33092,116.539,16.671,8.650,699.235
494.345,3434354,60,60.455,8.896,286230,34881,112.410,16.541,8.206,674.462
495.348,3434414,60,59.769,9.322,286235,34882,107.269,16.731,8.206,643.614
496.424,3434479,60,60.436,8.914,286237,34882,112.186,16.546,8.206,673.114
497.515,3434545,60,60.466,10.053,286246,34883,99.470,16.538,8.206,596.822
498.598,3434610,60,60.045,10.294,286259,34883,97.148,16.654,8.206,582.885
499.619,3434671,60,59.721,11.458,286266,34884,87.277,16.744,8.206,523.661
500.677,3434735,60,60.516,10.693,286263,34885,93.515,16.524,8.206,561.089
501.755,3434800,60,60.286,11.974,286270,34885,83.513,16.587,8.206,501.077
502.811,3434864,60,60.592,12.114,286279,34886,82.552,16.504,8.206,495.310
503.865,3434927,60,59.782,14.073,286280,34887,71.060,16.728,8.206,426.360
504.929,3434991,60,60.188,13.585,286288,34888,73.613,16.615,8.206,441.675
505.999,3435055,60,59.817,11.994,286287,34888,83.378,16.718,8.206,500.266
507.001,3435115,60,59.876,11.993,286292,34891,83.379,16.701,8.205,500.272
508.083,3435180,60,60.037,11.975,286294,33101,83.508,16.656,8.649,501.048
509.164,3435245,60,60.120,11.991,286321,33100,83.393,16.633,8.650,500.360
510.171,3435305,60,59.588,11.986,286326,34891,83.430,16.782,8.206,500.582
511.251,3435370,60,60.197,12.039,286322,34893,83.063,16.612,8.206,498.378
512.331,3435435,60,60.164,12.032,286325,34893,83.110,16.621,8.206,498.658
513.332,3435495,60,59.953,11.958,286330,34891,83.628,16.680,8.206,501.765
514.437,3435558,60,57.012,12.047,286330,34894,83.010,17.540,8.206,498.061
515.576,3435615,60,50.054,4.323,286340,34893,231.315,19.978,8.206,1387.892
516.654,3435675,60,55.651,3.855,286345,34896,259.402,17.969,8.206,1556.415
517.779,3435735,60,53.325,3.874,286350,34894,258.119,18.753,8.206,1548.712
518.948,3435806,60,60.731,4.249,286356,34896,235.371,16.466,8.206,1412.223
520.079,3435874,60,60.128,4.472,286360,34895,223.634,16.631,8.206,1341.804
521.167,3435940,60,60.679,4.654,286365,33109,214.854,16.480,8.649,1289.126
522.187,3436002,60,60.764,4.797,286369,34897,208.472,16.457,8.206,1250.833
523.320,3436071,60,60.919,5.218,286378,34900,191.641,16.415,8.206,1149.848
524.372,3436135,60,60.844,5.537,286377,34900,180.610,16.435,8.206,1083.659
525.527,3436205,60,60.620,6.040,286401,33111,165.555,16.496,8.650,993.333
526.584,3436269,60,60.511,6.756,286394,33109,148.020,16.526,8.650,888.120
527.691,3436336,60,60.554,7.501,286396,34901,133.307,16.514,8.206,799.842
528.748,3436400,60,60.546,7.566,286396,34902,132.165,16.516,8.206,792.991
529.767,3436461,60,59.880,7.947,286402,33113,125.831,16.700,8.649,754.988
530.835,3436526,60,60.815,8.241,286416,34902,121.346,16.443,8.206,728.077
531.905,3436591,60,60.791,8.939,286426,34903,111.868,16.450,8.206,671.207
532.909,3436651,60,59.749,9.967,286431,34905,100.334,16.737,8.206,602.006
533.948,3436713,60,59.673,8.590,286432,34905,116.408,16.758,8.206,698.448
535.012,3436777,60,60.157,9.993,286431,34905,100.072,16.623,8.206,600.432
536.061,3436840,60,60.033,9.468,286440,34906,105.620,16.657,8.206,633.720
537.155,3436906,60,60.357,10.065,286453,34908,99.351,16.568,8.206,596.104
538.193,3436969,60,60.676,10.724,286450,34908,93.250,16.481,8.206,559.498
539.268,3437034,60,60.432,12.085,286458,34908,82.746,16.548,8.206,496.475
540.270,3437094,60,59.910,11.904,286463,34909,84.003,16.692,8.206,504.016
541.346,3437159,60,60.409,12.113,286459,34910,82.558,16.554,8.206,495.349
542.395,3437222,60,60.062,13.538,286469,34911,73.865,16.650,8.206,443.191
543.415,3437283,60,59.826,12.295,286479,34910,81.332,16.715,8.206,487.989
544.418,3437342,60,58.802,12.730,286479,34912,78.558,17.006,8.206,471.346
545.422,3437402,60,59.777,9.857,286484,34912,101.452,16.729,8.206,608.710
546.499,3437466,60,59.396,8.976,286494,34914,111.408,16.836,8.206,668.448
547.558,3437528,60,58.574,7.362,286502,34913,135.824,17.073,8.206,814.944
548.636,3437593,60,60.290,7.614,286506,34913,131.345,16.587,8.206,788.071
549.695,3437657,60,60.398,7.573,286513,34915,132.048,16.557,8.206,792.287
550.762,3437721,60,60.023,7.570,286507,34917,132.102,16.660,8.205,792.613
551.804,3437784,60,60.435,8.629,286523,34915,115.887,16.547,8.206,695.324
552.808,3437845,60,60.755,8.673,286521,33126,115.303,16.460,8.649,691.816
553.900,3437911,60,60.466,10.111,286536,34917,98.903,16.538,8.206,593.419
554.976,3437976,60,60.365,11.271,286534,34920,88.722,16.566,8.205,532.334
556.058,3438041,60,60.098,12.073,286538,34917,82.826,16.639,8.206,496.959
557.074,3438102,60,60.011,11.667,286544,34919,85.711,16.664,8.206,514.263
558.077,3438162,60,59.873,11.984,286549,34919,83.443,16.702,8.206,500.661
559.152,3438227,60,60.459,12.102,286555,34921,82.630,16.540,8.206,495.781
560.160,3438287,60,59.531,11.786,286560,34921,84.848,16.798,8.206,509.085
561.239,3438352,60,60.223,12.014,286573,34923,83.238,16.605,8.206,499.426
562.315,3438417,60,60.425,12.106,286566,34922,82.603,16.550,8.206,495.617
563.397,3438482,60,60.071,13.209,286574,34923,75.704,16.647,8.206,454.223
564.479,3438547,60,60.059,12.766,286584,34924,78.332,16.650,8.206,469.991
565.492,3438608,60,60.188,15.031,286592,34925,66.528,16.615,8.206,399.167
566.552,3438672,60,60.386,15.188,286597,34924,65.843,16.560,8.206,395.061
567.555,3438732,60,59.834,14.921,286602,33136,67.020,16.713,8.649,402.122
568.560,3438792,60,59.699,14.875,286607,34925,67.225,16.751,8.206,403.350
569.576,3438853,60,60.053,15.003,286611,33136,66.655,16.652,8.650,399.929
570.647,3438917,60,59.747,11.984,286618,33137,83.448,16.737,8.649,500.688
571.710,3438981,60,60.204,14.450,286612,33137,69.203,16.610,8.649,415.218
572.774,3439045,60,60.165,15.004,286621,33137,66.649,16.621,8.650,399.894
573.838,3439109,60,60.132,14.994,286638,33138,66.692,16.630,8.650,400.154
574.901,3439173,60,60.188,14.946,286637,33139,66.906,16.614,8.650,401.434
575.960,3439237,60,60.432,15.132,286636,33139,66.086,16.547,8.650,396.516
576.996,3439299,60,59.854,15.871,286643,34932,63.008,16.707,8.206,378.049
578.029,3439361,60,60.027,17.382,286648,34931,57.530,16.659,8.206,345.181
579.060,3439423,60,60.122,15.088,286657,34933,66.280,16.633,8.206,397.679
580.085,3439484,60,59.524,15.519,286664,33142,64.438,16.800,8.650,386.626
581.110,3439546,60,60.510,17.055,286673,34934,58.634,16.526,8.206,351.806
582.129,3439607,60,59.875,17.500,286670,34933,57.142,16.701,8.206,342.850
583.166,3439669,60,59.782,17.386,286675,33144,57.518,16.727,8.649,345.110
584.168,3439729,60,59.843,16.684,286680,34935,59.938,16.710,8.206,359.630
585.211,3439791,60,59.453,14.724,286688,34938,67.918,16.820,8.206,407.509
586.258,3439853,60,59.205,12.428,286689,33144,80.462,16.890,8.650,482.773
587.293,3439915,60,59.926,11.177,286692,34939,89.471,16.687,8.206,536.824
588.374,3439980,60,60.155,12.071,286694,33147,82.846,16.624,8.649,497.075
589.378,3440040,60,59.719,12.097,286699,34939,82.666,16.745,8.206,495.994
590.495,3440103,60,56.390,7.158,286714,34938,139.712,17.734,8.206,838.274
591.526,3440164,60,59.215,5.787,286720,33149,172.789,16.888,8.649,1036.737
592.640,3440232,60,61.046,6.435,286727,34941,155.392,16.381,8.206,932.354
593.689,3440295,60,60.049,6.622,286730,34942,151.015,16.653,8.206,906.093
594.806,3440363,60,60.864,6.947,286730,34941,143.956,16.430,8.206,863.737
595.864,3440427,60,60.476,7.568,286739,34943,132.130,16.535,8.206,792.780
596.911,3440490,60,60.164,7.749,286749,34944,129.046,16.621,8.206,774.276
597.954,3440553,60,60.420,8.632,286752,34944,115.846,16.551,8.206,695.074
598.998,3440616,60,60.336,8.629,286754,34944,115.892,16.574,8.206,695.353
600.044,3440679,60,60.245,9.965,286758,34945,100.354,16.599,8.206,602.126
601.103,3440743,60,60.442,9.520,286767,34947,105.038,16.545,8.206,630.229
602.195,3440809,60,60.409,10.124,286770,34947,98.780,16.554,8.206,592.678
603.201,3440870,60,60.628,11.718,286776,34947,85.338,16.494,8.206,512.029
604.242,3440933,60,60.547,12.493,286779,33156,80.042,16.516,8.649,480.253
605.309,3440997,60,59.964,14.969,286781,33158,66.807,16.677,8.649,400.839
606.309,3441057,60,59.992,15.046,286786,34950,66.461,16.669,8.206,398.767
607.323,3441116,60,58.229,10.090,286793,33158,99.107,17.174,8.649,594.642
608.421,3441182,60,60.110,10.045,286799,34951,99.553,16.636,8.206,597.317
609.512,3441248,60,60.470,10.134,286812,34951,98.682,16.537,8.206,592.092
610.518,3441308,60,59.628,10.948,286817,33160,91.341,16.771,8.649,548.048
611.527,3441369,60,60.455,10.417,286819,34952,95.995,16.541,8.206,575.969
612.600,3441434,60,60.592,12.128,286820,34953,82.454,16.504,8.206,494.724
613.627,3441496,60,60.398,14.170,286826,34954,70.570,16.557,8.206,423.422
614.691,3441560,60,60.115,15.005,286826,34956,66.643,16.635,8.205,399.859
615.746,3441623,60,59.728,13.965,286835,34954,71.605,16.743,8.206,429.631
616.760,3441684,60,60.151,14.169,286848,33163,70.576,16.625,8.650,423.453
617.822,3441748,60,60.262,15.032,286850,33164,66.523,16.594,8.649,399.140
618.823,3441808,60,59.969,14.994,286855,34957,66.693,16.675,8.206,400.158
619.885,3441872,60,60.245,15.078,286866,34957,66.320,16.599,8.206,397.922
620.949,3441936,60,60.165,14.862,286864,34959,67.284,16.621,8.206,403.702
621.949,3441996,60,59.976,14.903,286869,33165,67.103,16.673,8.650,402.617
623.012,3442060,60,60.199,15.017,286875,33168,66.590,16.612,8.649,399.538
624.049,3442122,60,59.798,19.300,286879,34959,51.813,16.723,8.206,310.879
625.077,3442184,60,60.302,15.034,286889,34960,66.517,16.583,8.206,399.101
626.111,3442246,60,59.992,18.730,286898,34961,53.389,16.669,8.206,320.336
627.145,3442308,60,59.962,16.845,286893,33170,59.365,16.677,8.649,356.193
628.199,3442371,60,59.782,14.971,286903,34962,66.794,16.728,8.206,400.765
629.200,3442431,60,59.890,14.944,286908,34964,66.915,16.697,8.206,401.490
630.201,3442491,60,59.969,15.001,286913,34963,66.664,16.675,8.206,399.985
631.206,3442551,60,59.704,14.973,286918,34966,66.789,16.749,8.206,400.732
632.211,3442611,60,59.693,13.603,286923,34965,73.511,16.753,8.206,441.064
633.212,3442671,60,59.938,15.028,286928,34966,66.542,16.684,8.206,399.255
634.273,3442735,60,60.323,13.629,286927,34966,73.372,16.577,8.206,440.234
635.292,3442796,60,59.835,14.854,286933,33175,67.323,16.712,8.649,403.938
636.348,3442860,60,60.622,15.192,286934,33175,65.823,16.496,8.649,394.940
637.370,3442919,60,57.755,13.638,286939,34966,73.323,17.315,8.206,439.940
638.468,3442985,60,60.098,9.980,286966,34969,100.201,16.639,8.206,601.203
639.490,3443047,60,60.648,10.764,286959,34971,92.904,16.489,8.206,557.424
640.572,3443112,60,60.082,12.114,286967,34970,82.548,16.644,8.206,495.285
641.573,3443172,60,59.961,11.977,286972,33177,83.495,16.678,8.650,500.970
642.646,3443237,60,60.560,12.150,286978,33179,82.304,16.512,8.649,493.826
643.696,3443300,60,60.030,12.706,286971,33179,78.703,16.658,8.649,472.218
644.700,3443361,60,60.731,15.177,286977,34974,65.891,16.466,8.205,395.345
645.703,3443421,60,59.834,14.985,286982,33179,66.735,16.713,8.650,400.408
646.704,3443481,60,59.930,14.966,286987,34974,66.820,16.686,8.206,400.922
647.766,3443545,60,60.251,15.109,286996,34975,66.186,16.597,8.206,397.115
648.770,3443605,60,59.739,14.843,287001,33182,67.372,16.739,8.649,404.233
649.834,3443669,60,60.153,15.088,287018,33182,66.277,16.624,8.650,397.662
650.838,3443729,60,59.792,14.853,287023,34976,67.325,16.725,8.206,403.949
651.843,3443789,60,59.720,14.806,287028,33183,67.542,16.745,8.650,405.251
652.845,3443849,60,59.869,14.911,287033,34978,67.063,16.703,8.206,402.381
653.923,3443913,60,59.345,12.053,287032,34977,82.970,16.851,8.206,497.819
655.006,3443978,60,60.058,12.089,287033,34979,82.717,16.650,8.206,496.300
656.080,3444043,60,60.513,12.136,287042,34979,82.399,16.525,8.206,494.395
657.094,3444104,60,60.112,13.070,287049,34981,76.512,16.635,8.206,459.072
658.096,3444164,60,59.933,14.959,287054,33186,66.849,16.685,8.650,401.096
659.161,3444228,60,60.068,14.979,287053,33188,66.762,16.648,8.649,400.571
660.236,3444292,60,59.539,14.477,287068,33188,69.077,16.796,8.650,414.464
661.236,3444352,60,59.980,11.923,287073,34984,83.873,16.672,8.206,503.239
662.318,3444417,60,60.068,12.083,287066,34983,82.760,16.648,8.206,496.561
663.400,3444482,60,60.103,11.892,287074,34983,84.091,16.638,8.206,504.548
664.461,3444546,60,60.320,12.061,287084,34985,82.911,16.578,8.206,497.465
665.522,3444610,60,60.327,15.151,287092,34986,66.003,16.576,8.206,396.016
666.589,3444674,60,59.980,14.901,287090,34986,67.109,16.672,8.206,402.654
667.591,3444734,60,59.892,15.016,287095,34986,66.598,16.697,8.206,399.586
668.632,3444796,60,59.525,12.245,287101,33194,81.666,16.800,8.649,489.995
669.714,3444861,60,60.087,12.083,287102,33194,82.762,16.643,8.649,496.573
670.715,3444921,60,59.959,11.944,287107,34989,83.722,16.678,8.206,502.333
671.726,3444981,60,59.331,12.098,287112,33194,82.657,16.855,8.650,495.939
672.728,3445041,60,59.889,11.930,287117,34990,83.819,16.697,8.206,502.914
673.824,3445106,60,59.268,11.251,287131,34990,88.882,16.873,8.206,533.291
674.826,3445166,60,59.879,9.980,287136,34991,100.202,16.700,8.206,601.213
675.917,3445232,60,60.510,10.055,287146,34990,99.455,16.526,8.207,596.730
676.918,3445292,60,59.940,9.977,287151,33198,100.235,16.683,8.650,601.407
678.016,3445358,60,60.140,10.063,287148,34992,99.369,16.628,8.206,596.215
679.111,3445424,60,60.253,10.144,287159,34994,98.576,16.597,8.206,591.455
680.189,3445489,60,60.279,12.098,287160,34993,82.655,16.589,8.206,495.933
681.191,3445549,60,59.916,11.861,287165,33201,84.307,16.690,8.649,505.844
682.257,3445613,60,60.028,10.693,287169,33201,93.523,16.659,8.649,561.135
683.339,3445678,60,60.080,12.019,287174,34996,83.199,16.645,8.206,499.196
684.419,3445743,60,60.183,11.994,287184,34996,83.373,16.616,8.206,500.240
685.476,3445807,60,60.521,12.479,287189,34998,80.133,16.523,8.206,480.799
686.477,3445867,60,59.929,15.029,287194,34999,66.539,16.686,8.206,399.232
687.541,3445931,60,60.185,15.015,287201,35000,66.599,16.615,8.206,399.595
688.605,3445994,60,59.198,15.020,287200,34998,66.578,16.892,8.206,399.467
689.682,3446059,60,60.344,12.058,287202,35000,82.933,16.572,8.206,497.596
690.762,3446124,60,60.207,11.984,287218,33206,83.446,16.609,8.650,500.677
691.842,3446188,60,59.231,11.911,287220,33207,83.958,16.883,8.649,503.750
692.842,3446248,60,59.997,11.996,287225,35000,83.361,16.667,8.206,500.167
693.922,3446313,60,60.217,11.962,287232,35002,83.596,16.607,8.206,501.579
694.922,3446373,60,59.979,12.019,287237,33209,83.200,16.673,8.649,499.203
695.995,3446438,60,60.576,12.079,287238,35004,82.791,16.508,8.206,496.744
697.056,3446502,60,60.353,15.085,287244,35003,66.291,16.569,8.206,397.743
698.120,3446566,60,60.120,15.132,287258,35005,66.085,16.633,8.206,396.509
699.122,3446626,60,59.921,15.015,287263,35005,66.600,16.689,8.206,399.603
700.122,3446686,60,59.988,14.953,287268,35007,66.875,16.670,8.206,401.249
701.126,3446746,60,59.753,15.058,287273,35006,66.410,16.736,8.206,398.460
702.193,3446810,60,59.962,14.957,287271,35007,66.857,16.677,8.206,401.140
703.230,3446872,60,59.775,15.039,287283,35010,66.493,16.729,8.206,398.956
704.274,3446935,60,60.342,14.717,287277,35010,67.950,16.572,8.206,407.701
705.314,3446997,60,59.655,14.906,287281,33215,67.087,16.763,8.649,402.519
706.398,3447062,60,59.941,12.879,287289,35010,77.644,16.683,8.206,465.863
707.478,3447127,60,60.219,12.095,287299,35012,82.678,16.606,8.206,496.069
708.544,3447191,60,59.988,14.486,287306,35012,69.034,16.670,8.206,414.206
709.607,3447255,60,60.244,15.023,287310,35011,66.565,16.599,8.206,399.392
710.670,3447319,60,60.204,15.026,287307,35013,66.550,16.610,8.206,399.302
711.740,3447381,60,57.954,11.830,287312,33218,84.529,17.255,8.649,507.174
712.831,3447447,60,60.483,10.074,287324,35015,99.269,16.533,8.206,595.611
713.838,3447507,60,59.564,10.061,287329,35015,99.393,16.789,8.206,596.359
714.838,3447567,60,59.986,9.980,287334,35015,100.196,16.671,8.206,601.174
715.841,3447627,60,59.829,9.950,287339,35016,100.504,16.714,8.206,603.024
716.938,3447693,60,60.179,9.978,287347,33222,100.222,16.617,8.649,601.334
718.008,3447758,60,60.754,10.079,287348,35017,99.221,16.460,8.206,595.326
719.029,3447819,60,59.715,10.930,287353,35018,91.494,16.746,8.206,548.961
720.093,3447883,60,60.188,10.960,287362,35018,91.244,16.615,8.206,547.464
721.109,3447944,60,60.037,11.633,287369,35020,85.961,16.656,8.206,515.765
722.177,3448008,60,59.920,10.140,287368,35019,98.621,16.689,8.206,591.729
723.288,3448073,60,58.495,8.631,287374,35021,115.858,17.095,8.206,695.150
724.297,3448134,60,60.489,8.658,287383,35021,115.496,16.532,8.206,692.976
725.347,3448197,60,59.979,8.537,287381,33227,117.140,16.672,8.649,702.838
726.374,3448259,60,60.349,10.064,287384,35022,99.367,16.570,8.206,596.204
727.408,3448321,60,59.977,9.768,287391,35022,102.379,16.673,8.206,614.274
728.506,3448387,60,60.091,9.952,287404,35024,100.485,16.641,8.206,602.907
729.596,3448453,60,60.573,10.076,287411,33229,99.248,16.509,8.649,595.488
730.673,3448518,60,60.376,12.120,287410,35025,82.511,16.563,8.206,495.067
731.684,3448577,60,58.301,11.938,287423,35025,83.764,17.152,8.206,502.586
732.730,3448640,60,60.239,8.572,287416,35027,116.661,16.601,8.206,699.963
733.742,3448701,60,60.297,9.966,287422,33231,100.340,16.585,8.649,602.037
734.841,3448767,60,60.080,9.988,287434,35027,100.117,16.644,8.206,600.702
735.935,3448833,60,60.298,10.020,287442,35027,99.797,16.584,8.206,598.784
736.942,3448893,60,59.560,9.931,287447,33233,100.694,16.790,8.649,604.166
737.974,3448955,60,60.087,9.453,287448,35029,105.789,16.643,8.206,634.733
738.987,3449016,60,60.220,9.700,287454,35031,103.094,16.606,8.206,618.563
740.044,3449080,60,60.560,10.358,287460,35029,96.545,16.513,8.206,579.268
741.073,3449142,60,60.240,11.648,287464,35031,85.852,16.600,8.206,515.112
742.140,3449206,60,59.997,11.092,287478,35032,90.153,16.668,8.206,540.918
743.142,3449266,60,59.877,11.897,287483,35033,84.053,16.701,8.206,504.319
744.219,3449331,60,60.373,12.168,287483,35032,82.186,16.564,8.206,493.117
745.298,3449396,60,60.196,12.084,287483,33238,82.752,16.612,8.649,496.515
746.329,3449458,60,60.152,12.799,287489,35034,78.133,16.625,8.206,468.798
747.394,3449522,60,60.133,12.456,287494,35035,80.282,16.630,8.206,481.690
748.458,3449586,60,60.133,15.009,287504,35035,66.628,16.630,8.206,399.771
749.522,3449650,60,60.124,14.991,287512,35037,66.708,16.632,8.206,400.245
750.524,3449710,60,59.895,14.910,287517,35036,67.070,16.696,8.206,402.417
751.548,3449771,60,59.585,15.006,287521,35039,66.642,16.783,8.206,399.850
752.557,3449832,60,60.456,14.257,287527,35036,70.140,16.541,8.207,420.838
753.619,3449896,60,60.224,15.076,287526,35039,66.331,16.605,8.206,397.987
754.621,3449956,60,59.904,14.971,287531,33244,66.794,16.693,8.649,400.762
755.684,3450020,60,60.224,15.016,287531,33244,66.595,16.605,8.649,399.571
756.751,3450084,60,59.962,14.986,287548,33243,66.727,16.677,8.650,400.361
757.789,3450146,60,59.729,15.124,287551,35042,66.120,16.742,8.206,396.717
758.794,3450206,60,59.688,14.912,287556,35041,67.059,16.754,8.206,402.356
759.825,3450258,60,50.466,8.997,287555,35043,111.154,19.815,8.206,666.922
760.972,3450317,60,51.444,3.427,287568,33247,291.778,19.438,8.649,1750.670
762.124,3450377,60,52.056,3.634,287573,35043,275.168,19.210,8.206,1651.006
763.210,3450437,60,55.259,3.752,287578,33248,266.524,18.097,8.649,1599.142
764.253,3450497,60,57.540,3.731,287583,35045,268.022,17.379,8.206,1608.133
765.278,3450557,60,58.534,3.959,287588,33249,252.598,17.084,8.650,1515.589
766.469,3450629,60,60.430,4.137,287598,33249,241.728,16.548,8.650,1450.366
767.624,3450699,60,60.642,4.330,287593,35048,230.940,16.490,8.206,1385.641
768.708,3450764,60,59.925,4.585,287604,33251,218.124,16.687,8.649,1308.746
769.789,3450829,60,60.141,4.666,287605,33252,214.294,16.628,8.649,1285.764
770.889,3450895,60,59.979,4.481,287607,35049,223.185,16.673,8.206,1339.108
772.018,3450962,60,59.366,4.303,287614,35049,232.412,16.845,8.206,1394.472
773.190,3451032,60,59.747,4.287,287627,35051,233.241,16.737,8.206,1399.445
774.354,3451102,60,60.111,4.302,287627,35051,232.453,16.636,8.206,1394.720
775.524,3451172,60,59.812,4.261,287641,33255,234.682,16.719,8.650,1408.091
776.681,3451242,60,60.547,4.328,287639,35053,231.027,16.516,8.206,1386.163
777.805,3451310,60,60.459,4.434,287646,35055,225.519,16.540,8.206,1353.115
778.909,3451376,60,59.829,4.482,287648,35053,223.137,16.714,8.206,1338.824
779.984,3451441,60,60.424,4.660,287651,35054,214.615,16.550,8.206,1287.689
781.067,3451506,60,60.039,4.617,287664,35055,216.592,16.656,8.206,1299.554
782.296,3451577,60,57.753,3.874,287673,35056,258.143,17.315,8.206,1548.856
783.507,3451650,60,60.312,4.219,287679,35056,237.048,16.581,8.206,1422.286
784.687,3451721,60,60.162,4.183,287678,35057,239.054,16.622,8.206,1434.322
785.851,3451791,60,60.103,4.285,287688,35060,233.380,16.638,8.206,1400.281
786.975,3451859,60,60.542,4.519,287684,35059,221.310,16.518,8.206,1327.858
788.047,3451924,60,60.629,4.644,287700,33262,215.312,16.494,8.650,1291.872
789.058,3451985,60,60.346,5.012,287716,35060,199.509,16.571,8.206,1197.053
790.132,3452049,60,59.573,4.611,287709,35062,216.881,16.786,8.206,1301.285
791.187,3452113,60,60.668,4.650,287716,35061,215.074,16.483,8.206,1290.445
792.211,3452174,60,59.535,4.841,287715,35062,206.558,16.797,8.206,1239.350
793.212,3452235,60,60.980,5.087,287725,35063,196.573,16.399,8.206,1179.439
794.372,3452305,60,60.334,5.347,287726,35064,187.009,16.574,8.206,1122.056
795.473,3452371,60,59.935,5.436,287741,35064,183.947,16.685,8.206,1103.680
796.561,3452437,60,60.647,5.460,287736,33266,183.161,16.489,8.650,1098.964
797.659,3452503,60,60.139,5.527,287747,35066,180.931,16.628,8.206,1085.584
798.824,3452573,60,60.076,6.004,287749,33269,166.545,16.646,8.649,999.269
799.981,3452643,60,60.487,6.029,287759,35066,165.854,16.532,8.206,995.125
801.148,3452713,60,59.973,6.026,287766,35067,165.950,16.674,8.206,995.699
802.279,3452781,60,60.128,6.253,287762,33270,159.924,16.631,8.649,959.545
803.372,3452847,60,60.400,6.207,287774,35069,161.120,16.556,8.206,966.717
804.413,3452910,60,60.540,6.715,287784,35068,148.929,16.518,8.206,893.571
805.423,3452971,60,60.394,6.923,287791,35070,144.451,16.558,8.206,866.708
806.483,3453035,60,60.394,7.537,287788,35071,132.671,16.558,8.206,796.027
807.544,3453099,60,60.280,7.521,287793,35073,132.959,16.589,8.206,797.753
808.639,3453165,60,60.273,8.611,287811,33272,116.124,16.591,8.650,696.744
809.684,3453228,60,60.292,8.619,287803,33275,116.023,16.586,8.649,696.138
810.735,3453291,60,59.979,8.542,287813,35074,117.065,16.673,8.206,702.387
811.783,3453354,60,60.074,8.595,287818,35076,116.350,16.646,8.206,698.097
812.804,3453413,60,57.785,7.918,287819,33275,126.289,17.306,8.650,757.734
813.857,3453476,60,59.850,6.663,287823,33278,150.092,16.708,8.649,900.554
814.865,3453530,60,53.551,5.841,287831,35076,171.212,18.674,8.206,1027.270
816.015,3453590,60,52.171,3.397,287836,35079,294.392,19.168,8.205,1766.353
817.079,3453650,60,56.404,3.990,287841,35077,250.627,17.729,8.206,1503.764
818.103,3453709,60,57.597,4.132,287845,33279,242.036,17.362,8.649,1452.216
819.264,3453779,60,60.299,4.296,287844,35078,232.794,16.584,8.206,1396.765
820.389,3453847,60,60.484,4.431,287859,35081,225.684,16.533,8.206,1354.103
821.465,3453912,60,60.402,4.648,287867,35078,215.132,16.556,8.206,1290.793
822.542,3453977,60,60.332,4.624,287873,35080,216.246,16.575,8.206,1297.474
823.570,3454039,60,60.324,4.897,287867,35082,204.201,16.577,8.206,1225.208
824.767,3454111,60,60.165,4.986,287886,35082,200.547,16.621,8.206,1203.280
825.900,3454180,60,60.876,5.379,287885,33283,185.898,16.427,8.650,1115.387
826.989,3454246,60,60.626,5.496,287898,35083,181.943,16.494,8.206,1091.657
828.005,3454307,60,60.043,5.816,287895,35083,171.935,16.655,8.206,1031.607
829.166,3454377,60,60.259,6.031,287896,35085,165.802,16.595,8.206,994.814
830.303,3454446,60,60.720,6.069,287909,35085,164.780,16.469,8.206,988.680
831.349,3454509,60,60.216,6.676,287914,33286,149.797,16.607,8.650,898.782
832.405,3454572,60,59.666,6.630,287922,33288,150.829,16.760,8.649,904.974
833.489,3454637,60,59.923,6.245,287928,33289,160.138,16.688,8.649,960.830
834.535,3454700,60,60.237,6.673,287921,33287,149.859,16.601,8.650,899.156
835.590,3454763,60,59.733,6.632,287930,35089,150.782,16.741,8.206,904.692
836.626,3454826,60,60.804,6.745,287941,35090,148.251,16.446,8.206,889.508
837.719,3454892,60,60.404,7.486,287951,33291,133.581,16.555,8.650,801.485
838.780,3454956,60,60.287,7.548,287949,33289,132.485,16.587,8.650,794.909
839.845,3455020,60,60.139,7.512,287955,33292,133.113,16.628,8.649,798.676
840.906,3455084,60,60.284,7.504,287964,33292,133.262,16.588,8.650,799.573
841.943,3455147,60,60.747,8.637,287965,35093,115.786,16.462,8.206,694.717
843.067,3455212,60,57.832,7.499,287978,33292,133.359,17.291,8.650,800.152
844.108,3455275,60,60.542,6.772,287972,35095,147.663,16.518,8.205,885.980
845.293,3455344,60,58.208,5.661,287985,35094,176.656,17.180,8.206,1059.937
846.373,3455409,60,60.178,5.525,287989,35096,180.996,16.618,8.206,1085.978
847.383,3455470,60,60.421,5.867,287997,35094,170.452,16.551,8.206,1022.711
848.543,3455540,60,60.331,6.024,287991,33296,165.992,16.575,8.649,995.953
849.634,3455606,60,60.525,6.553,288006,35097,152.592,16.522,8.206,915.552
850.777,3455675,60,60.324,7.283,288008,35097,137.301,16.577,8.206,823.806
851.869,3455741,60,60.444,7.530,288013,33298,132.797,16.544,8.650,796.781
852.949,3455806,60,60.209,7.372,288028,35099,135.646,16.609,8.206,813.879
854.013,3455870,60,60.131,7.470,288026,35101,133.873,16.630,8.206,803.238
855.055,3455933,60,60.508,7.556,288029,33300,132.342,16.527,8.650,794.053
856.153,3455999,60,60.060,7.806,288029,35100,128.108,16.650,8.206,768.649
857.201,3456062,60,60.156,8.568,288039,35102,116.713,16.623,8.206,700.280
858.247,3456125,60,60.191,8.551,288061,33303,116.951,16.614,8.650,701.705
859.301,3456188,60,59.778,8.508,288057,33302,117.537,16.729,8.650,705.224
860.344,3456251,60,60.440,8.662,288061,35103,115.450,16.545,8.206,692.702
861.372,3456313,60,60.275,8.661,288066,35103,115.466,16.591,8.206,692.798
862.414,3456375,60,59.493,9.665,288070,35105,103.464,16.809,8.206,620.784
863.458,3456438,60,60.368,8.619,288070,35106,116.026,16.565,8.206,696.156
864.553,3456504,60,60.294,9.787,288083,35105,102.172,16.585,8.206,613.032
865.646,3456570,60,60.356,10.104,288089,35106,98.969,16.568,8.206,593.815
866.809,3456633,60,54.190,5.626,288092,35107,177.757,18.454,8.206,1066.539
867.934,3456691,60,51.560,3.504,288101,35108,285.425,19.395,8.206,1712.549
869.240,3456763,60,55.097,3.314,288102,35107,301.713,18.150,8.206,1810.276
870.244,3456823,60,59.777,3.943,288107,35109,253.637,16.729,8.206,1521.823
871.422,3456894,60,60.297,4.178,288113,35110,239.339,16.585,8.206,1436.035
872.584,3456964,60,60.225,4.277,288120,33310,233.805,16.604,8.650,1402.830
873.705,3457032,60,60.647,4.320,288127,35110,231.488,16.489,8.206,1388.930
874.779,3457097,60,60.516,4.666,288133,35112,214.296,16.525,8.206,1285.778
875.787,3457158,60,60.542,5.049,288130,35114,198.068,16.517,8.206,1188.408
876.979,3457230,60,60.381,5.047,288144,35113,198.143,16.561,8.206,1188.859
878.084,3457297,60,60.670,5.527,288141,35115,180.918,16.483,8.206,1085.509
879.180,3457363,60,60.221,5.456,288152,35114,183.292,16.605,8.206,1099.753
880.219,3457426,60,60.598,5.487,288163,35116,182.260,16.502,8.206,1093.560
881.380,3457496,60,60.321,6.041,288158,35115,165.543,16.578,8.206,993.256
882.437,3457560,60,60.525,6.727,288159,35116,148.660,16.522,8.206,891.961
883.541,3457626,60,59.802,6.547,288174,35118,152.743,16.722,8.206,916.461
884.580,3457689,60,60.596,6.727,288179,35120,148.650,16.503,8.206,891.903
885.652,3457754,60,60.675,7.605,288180,35118,131.496,16.481,8.206,788.978
886.711,3457818,60,60.428,7.483,288185,35119,133.633,16.549,8.206,801.795
887.753,3457881,60,60.431,8.686,288187,35121,115.130,16.548,8.206,690.779
888.801,3457944,60,60.139,8.564,288203,35122,116.772,16.628,8.206,700.630
889.848,3458007,60,60.166,8.585,288204,35120,116.480,16.621,8.206,698.878
890.887,3458070,60,60.660,10.111,288214,35121,98.906,16.485,8.206,593.436
891.983,3458136,60,60.189,10.102,288214,35124,98.993,16.614,8.206,593.956
893.099,3458202,60,59.157,9.546,288219,35124,104.759,16.904,8.206,628.553
894.110,3458263,60,60.333,8.625,288227,35123,115.945,16.575,8.206,695.671
895.158,3458326,60,60.104,9.105,288238,35124,109.828,16.638,8.206,658.965
896.160,3458386,60,59.909,9.947,288243,35125,100.529,16.692,8.206,603.174
897.192,3458447,60,59.064,8.539,288240,35126,117.110,16.931,8.206,702.659
898.234,3458510,60,60.498,8.598,288246,35128,116.300,16.530,8.206,697.798
899.279,3458573,60,60.277,8.636,288249,33325,115.799,16.590,8.650,694.795
900.330,3458636,60,59.914,8.493,288253,33327,117.743,16.691,8.649,706.461
901.373,3458699,60,60.442,9.428,288254,35129,106.064,16.545,8.206,636.387
902.468,3458765,60,60.243,9.997,288281,33328,100.034,16.599,8.650,600.204
903.474,3458825,60,59.646,9.956,288286,35129,100.439,16.766,8.206,602.637
904.567,3458891,60,60.395,10.089,288281,35131,99.117,16.558,8.206,594.703
905.644,3458956,60,60.356,11.672,288281,33331,85.674,16.568,8.649,514.043
906.666,3459017,60,59.700,9.945,288293,35131,100.553,16.751,8.206,603.319
907.769,3459083,60,59.821,10.042,288290,35132,99.584,16.717,8.206,597.504
908.867,3459149,60,60.088,10.065,288308,33331,99.357,16.642,8.650,596.143
909.869,3459209,60,59.925,9.986,288313,35134,100.138,16.687,8.206,600.828
910.965,3459275,60,60.202,9.999,288308,35133,100.014,16.611,8.206,600.084
912.042,3459340,60,60.347,10.033,288315,33333,99.669,16.571,8.650,598.016
913.102,3459403,60,59.447,11.934,288322,35135,83.797,16.822,8.206,502.781
914.197,3459469,60,60.282,9.998,288325,33336,100.016,16.589,8.649,600.096
915.197,3459529,60,59.978,10.046,288330,35136,99.546,16.673,8.206,597.275
916.284,3459594,60,59.770,10.315,288338,35138,96.946,16.731,8.206,581.678
917.293,3459655,60,60.498,11.045,288337,35138,90.542,16.529,8.206,543.250
918.300,3459715,60,59.563,10.162,288342,35140,98.402,16.789,8.206,590.412
919.366,3459779,60,60.065,10.056,288344,35139,99.447,16.649,8.206,596.682
920.395,3459841,60,60.219,10.413,288351,35139,96.031,16.606,8.206,576.183
921.405,3459902,60,60.390,12.058,288359,35141,82.933,16.559,8.206,497.596
922.483,3459967,60,60.320,12.071,288369,35142,82.843,16.578,8.206,497.056
923.497,3460027,60,59.175,10.541,288374,35142,94.864,16.899,8.206,569.185
924.526,3460089,60,60.240,11.002,288379,35142,90.894,16.600,8.206,545.363
925.607,3460154,60,60.130,11.971,288380,35143,83.537,16.631,8.206,501.225
926.610,3460214,60,59.848,11.874,288385,35144,84.215,16.709,8.206,505.291
927.668,3460275,60,57.617,7.888,288395,35145,126.776,17.356,8.206,760.654
928.732,3460339,60,60.140,7.458,288392,35144,134.078,16.628,8.206,804.466
929.802,3460403,60,59.859,7.592,288400,35146,131.717,16.706,8.206,790.304
930.863,3460467,60,60.287,7.568,288409,35146,132.130,16.587,8.206,792.781
931.952,3460533,60,60.631,8.676,288417,33345,115.267,16.493,8.649,691.601
933.005,3460596,60,59.802,8.568,288419,33344,116.707,16.722,8.650,700.244
934.049,3460659,60,60.377,8.603,288423,35149,116.239,16.563,8.206,697.435
935.105,3460722,60,59.635,8.509,288429,35148,117.516,16.769,8.206,705.095
936.152,3460785,60,60.156,8.629,288446,35150,115.883,16.624,8.206,695.295
937.199,3460848,60,60.200,8.608,288438,35149,116.174,16.611,8.206,697.045
938.230,3460910,60,60.132,8.628,288446,35152,115.897,16.630,8.206,695.381
939.284,3460973,60,59.757,8.535,288449,33349,117.165,16.734,8.649,702.989
940.331,3461036,60,60.164,8.680,288453,33351,115.208,16.621,8.649,691.248
941.396,3461100,60,60.090,9.658,288454,33349,103.542,16.642,8.650,621.254
942.497,3461166,60,59.963,9.416,288469,35154,106.207,16.677,8.206,637.243
943.557,3461229,60,59.461,8.458,288474,33351,118.233,16.818,8.650,709.395
944.608,3461292,60,59.945,8.535,288482,33353,117.159,16.682,8.649,702.952
945.679,3461356,60,59.763,8.524,288481,33352,117.320,16.733,8.650,703.922
946.753,3461420,60,59.571,7.456,288481,33353,134.117,16.787,8.649,804.704
947.819,3461484,60,60.015,7.505,288498,33354,133.237,16.662,8.650,799.421
948.884,3461548,60,60.103,7.527,288500,33355,132.860,16.638,8.649,797.161
949.975,3461614,60,60.483,8.181,288505,35158,122.231,16.533,8.206,733.383
951.024,3461677,60,60.057,8.568,288506,33355,116.707,16.651,8.650,700.239
952.075,3461740,60,59.938,8.593,288515,33357,116.376,16.684,8.649,698.253
953.098,3461800,60,58.652,7.486,288520,35160,133.583,17.050,8.206,801.495
954.133,3461862,60,59.908,6.701,288524,35159,149.226,16.692,8.206,895.358
955.184,3461925,60,59.933,6.667,288541,33358,150.000,16.685,8.650,900.000
956.238,3461988,60,59.790,6.645,288533,33360,150.500,16.725,8.649,902.998
957.298,3462051,60,59.448,6.534,288543,35163,153.051,16.822,8.206,918.306
958.451,3462118,60,58.106,4.969,288544,35161,201.255,17.210,8.206,1207.530
959.452,3462178,60,59.953,4.945,288549,35164,202.227,16.680,8.206,1213.365
960.453,3462238,60,59.919,5.023,288554,35163,199.081,16.689,8.206,1194.488
961.625,3462309,60,60.577,5.074,288564,33362,197.091,16.508,8.649,1182.544
962.721,3462375,60,60.232,5.452,288570,35164,183.422,16.602,8.206,1100.534
963.829,3462441,60,59.579,5.403,288567,35167,185.092,16.784,8.206,1110.550
964.945,3462508,60,60.012,5.433,288580,33364,184.065,16.663,8.649,1104.391
966.114,3462578,60,59.865,4.995,288583,35169,200.219,16.704,8.206,1201.311
967.298,3462649,60,59.990,5.129,288590,35167,194.959,16.670,8.206,1169.755
968.480,3462720,60,60.045,5.039,288589,35169,198.451,16.654,8.206,1190.704
969.624,3462789,60,60.329,5.302,288604,33366,188.615,16.576,8.650,1131.693
970.718,3462855,60,60.362,5.447,288610,35170,183.586,16.567,8.206,1101.514
971.815,3462921,60,60.161,5.454,288607,35171,183.360,16.622,8.206,1100.162
972.844,3462983,60,60.208,5.992,288615,35172,166.882,16.609,8.206,1001.294
973.938,3463048,60,59.460,5.476,288625,35173,182.623,16.818,8.206,1095.737
975.035,3463114,60,60.149,5.445,288630,35172,183.648,16.625,8.206,1101.887
976.089,3463175,60,57.846,4.830,288633,35174,207.034,17.287,8.206,1242.204
977.172,3463240,60,60.036,4.617,288640,35174,216.603,16.657,8.206,1299.619
978.248,3463305,60,60.407,4.635,288656,35176,215.740,16.554,8.206,1294.439
979.293,3463368,60,60.302,4.653,288648,35175,214.933,16.583,8.206,1289.601
980.487,3463440,60,60.314,5.027,288649,35176,198.934,16.580,8.206,1193.604
981.685,3463512,60,60.065,4.988,288667,35177,200.493,16.649,8.206,1202.960
982.885,3463584,60,60.010,5.036,288673,35179,198.574,16.664,8.206,1191.443
983.913,3463645,60,59.357,4.828,288671,33374,207.113,16.847,8.650,1242.677
984.964,3463708,60,59.927,4.705,288680,33375,212.532,16.687,8.650,1275.190
985.991,3463770,60,60.384,4.778,288689,35180,209.294,16.561,8.206,1255.764
987.183,3463842,60,60.397,5.027,288689,35181,198.932,16.557,8.206,1193.594
988.384,3463914,60,59.934,4.958,288698,35181,201.694,16.685,8.206,1210.163
989.389,3463974,60,59.737,4.978,288703,35182,200.875,16.740,8.206,1205.248
990.585,3464046,60,60.181,5.016,288709,35183,199.365,16.617,8.206,1196.191
991.595,3464106,60,59.390,4.981,288714,35184,200.765,16.838,8.206,1204.588
992.687,3464171,60,59.548,4.605,288721,35183,217.176,16.793,8.206,1303.055
993.772,3464236,60,59.884,4.578,288721,33381,218.412,16.699,8.649,1310.473
994.857,3464301,60,59.929,4.610,288722,33381,216.940,16.687,8.649,1301.641
995.935,3464366,60,60.297,4.640,288736,35186,215.525,16.585,8.206,1293.151
996.995,3464430,60,60.398,4.650,288744,35185,215.045,16.557,8.206,1290.273
998.047,3464493,60,59.863,4.625,288747,33383,216.226,16.705,8.650,1297.354
999.072,3464555,60,60.465,4.778,288748,35188,209.304,16.538,8.206,1255.826
1000.264,3464627,60,60.443,5.035,288755,35189,198.626,16.545,8.206,1191.759
1001.410,3464696,60,60.170,5.142,288758,35188,194.460,16.619,8.206,1166.762
1002.506,3464762,60,60.249,5.476,288764,35189,182.617,16.598,8.206,1095.700
1003.612,3464828,60,59.639,5.438,288777,33386,183.880,16.768,8.650,1103.277
1004.614,3464888,60,59.882,4.994,288782,35192,200.257,16.699,8.206,1201.542
1005.788,3464959,60,60.476,5.035,288777,35192,198.625,16.536,8.206,1191.751
1006.879,3465025,60,60.535,5.507,288786,35193,181.602,16.519,8.206,1089.611
1007.922,3465088,60,60.397,5.890,288795,35193,169.789,16.557,8.206,1018.734
1009.079,3465158,60,60.501,6.047,288798,35193,165.372,16.529,8.206,992.231
1010.162,3465223,60,60.023,6.332,288807,35194,157.937,16.660,8.206,947.620
1011.222,3465287,60,60.371,6.543,288810,35195,152.827,16.564,8.206,916.962
1012.264,3465350,60,60.422,6.678,288816,35198,149.747,16.550,8.205,898.484
1013.324,3465413,60,59.441,6.550,288819,33391,152.681,16.823,8.650,916.084
1014.482,3465482,60,59.580,6.025,288824,35196,165.975,16.784,8.206,995.850
1015.651,3465552,60,59.922,5.952,288837,35197,168.003,16.688,8.206,1008.015
1016.811,3465622,60,60.341,6.031,288837,35200,165.805,16.572,8.206,994.831
1017.846,3465682,60,57.966,5.603,288842,35200,178.467,17.252,8.206,1070.804
1018.858,3465742,60,59.262,4.973,288847,35200,201.102,16.874,8.206,1206.613
1020.056,3465814,60,60.123,5.016,288855,35202,199.346,16.633,8.206,1196.078
1021.059,3465874,60,59.819,4.969,288860,35201,201.254,16.717,8.206,1207.525
1022.257,3465946,60,60.090,5.021,288873,35201,199.170,16.642,8.206,1195.021
1023.261,3466006,60,59.786,5.002,288878,35202,199.930,16.726,8.206,1199.578
1024.333,3466070,60,59.663,4.626,288876,35205,216.165,16.761,8.206,1296.990
1025.415,3466135,60,60.068,4.611,288877,35205,216.892,16.648,8.206,1301.354
1026.445,3466197,60,60.188,4.893,288881,33400,204.363,16.614,8.649,1226.176
1027.457,3466258,60,60.333,5.029,288889,35205,198.866,16.575,8.206,1193.197
1028.651,3466330,60,60.292,5.031,288902,35207,198.782,16.586,8.206,1192.694
1029.846,3466402,60,60.237,5.017,288902,35208,199.334,16.601,8.206,1196.001
1030.976,3466470,60,60.157,5.458,288914,35205,183.206,16.623,8.207,1099.238
1032.145,3466540,60,59.893,5.143,288915,33403,194.438,16.696,8.649,1166.628
1033.297,3466609,60,59.884,4.991,288920,35208,200.372,16.699,8.206,1202.233
1034.316,3466669,60,58.929,4.890,288925,33405,204.515,16.969,8.649,1227.091
1035.395,3466734,60,60.207,4.630,288933,35209,215.990,16.609,8.206,1295.943
1036.430,3466796,60,59.917,4.706,288933,33406,212.491,16.690,8.649,1274.944
1037.438,3466857,60,60.485,4.924,288936,35212,203.093,16.533,8.206,1218.557
1038.634,3466929,60,60.238,5.021,288949,35213,199.155,16.601,8.206,1194.932
1039.830,3467001,60,60.205,5.023,288947,35212,199.078,16.610,8.206,1194.466
1040.994,3467071,60,60.122,5.008,288966,35213,199.673,16.633,8.206,1198.037
1042.084,3467137,60,60.563,5.504,288961,35215,181.670,16.512,8.206,1090.018
1043.195,3467203,60,59.402,5.428,288972,35214,184.236,16.835,8.206,1105.413
1044.332,3467271,60,59.818,5.415,288978,35216,184.659,16.717,8.206,1107.956
1045.459,3467339,60,60.318,5.327,288974,35216,187.736,16.579,8.206,1126.415
1046.559,3467405,60,60.005,5.469,289001,33412,182.848,16.665,8.650,1097.086
1047.655,3467471,60,60.197,5.442,288996,35217,183.757,16.612,8.206,1102.540
1048.729,3467534,60,58.654,4.636,288995,35218,215.724,17.049,8.206,1294.344
1049.811,3467599,60,60.069,4.640,288997,35219,215.529,16.648,8.206,1293.175
1050.828,3467660,60,59.992,5.004,289001,33414,199.827,16.669,8.649,1198.961
1052.015,3467732,60,60.648,5.067,289021,33414,197.352,16.488,8.650,1184.114
1053.079,3467795,60,59.252,4.688,289018,35220,213.290,16.877,8.206,1279.742
1054.149,3467859,60,59.783,4.703,289023,35222,212.608,16.727,8.206,1275.647
1055.193,3467922,60,60.374,4.644,289029,35222,215.310,16.564,8.206,1291.860
1056.382,3467994,60,60.563,5.049,289038,35223,198.045,16.512,8.206,1188.269
1057.392,3468054,60,59.389,4.907,289043,35223,203.789,16.838,8.206,1222.736
1058.595,3468126,60,59.864,4.984,289049,35224,200.632,16.704,8.206,1203.793
1059.877,3468194,60,53.032,3.469,289050,35226,288.227,18.856,8.206,1729.360
1060.998,3468254,60,53.516,3.497,289055,35225,285.940,18.686,8.206,1715.637
1062.078,3468312,60,53.677,3.268,289067,35225,306.025,18.630,8.206,1836.150
1063.307,3468385,60,59.400,4.216,289066,35226,237.182,16.835,8.206,1423.090
1064.522,3468457,60,59.286,3.962,289071,35229,252.408,16.867,8.205,1514.450
1065.767,3468532,60,60.232,4.010,289088,33421,249.391,16.602,8.650,1496.349
1066.937,3468602,60,59.832,4.288,289084,35228,233.205,16.713,8.206,1399.229
1068.113,3468673,60,60.381,4.332,289096,35229,230.833,16.562,8.206,1385.001
1069.279,3468743,60,60.031,4.276,289095,35230,233.869,16.658,8.206,1403.213
1070.452,3468813,60,59.676,4.252,289107,33424,235.181,16.757,8.650,1411.087
1071.625,3468883,60,59.694,4.242,289112,35231,235.729,16.752,8.206,1414.373
1072.629,3468943,60,59.710,3.977,289117,35233,251.423,16.748,8.206,1508.538
1073.645,3469003,60,59.099,3.969,289122,35232,251.935,16.921,8.206,1511.612
1074.655,3469063,60,59.396,3.977,289127,35233,251.453,16.836,8.206,1508.716
1075.660,3469123,60,59.708,3.980,289132,35234,251.286,16.748,8.206,1507.714
1076.861,3469195,60,59.920,4.195,289132,35237,238.360,16.689,8.205,1430.162
1078.077,3469268,60,60.059,4.087,289147,33428,244.687,16.650,8.650,1468.121
1079.297,3469341,60,59.826,3.998,289142,33429,250.129,16.715,8.649,1500.774
1080.316,3469401,60,58.908,3.924,289147,35238,254.815,16.976,8.206,1528.890
1081.534,3469474,60,59.909,4.102,289160,35238,243.777,16.692,8.206,1462.661
1082.746,3469547,60,60.213,4.139,289165,35237,241.599,16.608,8.206,1449.591
1083.948,3469619,60,59.912,4.089,289164,35239,244.559,16.691,8.206,1467.352
1085.169,3469692,60,59.781,4.071,289182,33434,245.635,16.728,8.649,1473.811
1086.360,3469764,60,60.453,4.224,289188,33433,236.727,16.542,8.650,1420.360
1087.525,3469834,60,60.090,4.289,289190,35240,233.151,16.642,8.206,1398.906
1088.640,3469901,60,60.123,4.459,289193,33435,224.250,16.633,8.649,1345.499
1089.810,3469971,60,59.806,4.249,289203,35243,235.330,16.721,8.206,1411.977
1091.034,3470044,60,59.654,4.114,289210,33436,243.052,16.763,8.650,1458.313
1092.253,3470117,60,59.896,3.992,289218,33438,250.486,16.696,8.649,1502.916
1093.411,3470187,60,60.451,4.322,289219,35246,231.379,16.542,8.206,1388.276
1094.584,3470257,60,59.653,4.256,289221,35247,234.964,16.764,8.206,1409.784
1095.775,3470328,60,59.627,4.107,289228,35245,243.510,16.771,8.206,1461.060
1096.947,3470399,60,60.572,4.257,289229,35247,234.906,16.509,8.206,1409.437
1098.104,3470469,60,60.497,4.319,289244,33440,231.537,16.530,8.650,1389.220
1099.183,3470534,60,60.264,4.652,289245,35248,214.942,16.594,8.206,1289.653
1100.263,3470599,60,60.158,4.638,289247,35249,215.610,16.623,8.206,1293.660
1101.340,3470664,60,60.356,4.625,289263,35250,216.212,16.568,8.206,1297.271
1102.420,3470729,60,60.207,4.652,289273,35251,214.968,16.609,8.206,1289.806
1103.614,3470801,60,60.301,5.006,289268,35251,199.747,16.583,8.206,1198.483
1104.616,3470861,60,59.835,5.008,289273,33444,199.697,16.713,8.649,1198.179
1105.811,3470933,60,60.275,5.021,289279,33445,199.166,16.591,8.649,1194.996
1106.987,3471004,60,60.392,5.038,289290,33447,198.482,16.558,8.649,1190.890
1108.004,3471063,60,57.975,4.931,289294,35253,202.815,17.249,8.206,1216.890
1109.087,3471128,60,60.057,4.605,289302,35255,217.140,16.651,8.206,1302.840
1110.162,3471193,60,60.413,4.669,289306,35255,214.181,16.553,8.206,1285.084
1111.217,3471257,60,60.681,4.663,289313,35257,214.442,16.480,8.206,1286.650
1112.412,3471329,60,60.282,5.000,289323,35256,200.005,16.589,8.206,1200.030
1113.591,3471400,60,60.194,5.023,289320,35257,199.085,16.613,8.206,1194.510
1114.780,3471464,60,53.821,3.794,289329,35259,263.585,18.580,8.206,1581.507
1115.937,3471524,60,51.880,3.558,289334,33451,281.090,19.275,8.649,1686.538
1116.966,3471583,60,57.306,4.035,289337,35259,247.818,17.450,8.206,1486.906
1118.038,3471643,60,56.010,3.956,289342,35259,252.784,17.854,8.206,1516.705
1119.043,3471703,60,59.656,3.952,289347,35261,253.009,16.763,8.206,1518.056
1120.291,3471778,60,60.130,4.025,289349,35262,248.421,16.631,8.206,1490.526
1121.485,3471850,60,60.278,4.118,289362,35261,242.825,16.590,8.206,1456.950
1122.646,3471920,60,60.321,4.283,289356,35263,233.506,16.578,8.206,1401.036
1123.812,3471990,60,60.006,4.283,289374,35263,233.481,16.665,8.206,1400.885
1124.981,3472060,60,59.860,4.259,289375,33456,234.822,16.706,8.649,1408.935
1126.119,3472129,60,60.663,4.338,289380,35264,230.532,16.484,8.206,1383.190
1127.192,3472194,60,60.567,4.646,289388,35267,215.239,16.511,8.206,1291.434
1128.279,3472259,60,59.822,4.606,289384,35266,217.100,16.716,8.206,1302.599
1129.356,3472324,60,60.328,4.641,289400,33458,215.470,16.576,8.650,1292.820
1130.362,3472385,60,60.668,5.052,289416,35267,197.960,16.483,8.206,1187.758
1131.364,3472445,60,59.869,4.982,289421,33460,200.738,16.703,8.650,1204.427
1132.536,3472516,60,60.543,5.050,289411,33461,198.023,16.517,8.649,1188.136
1133.669,3472584,60,60.034,5.252,289423,35269,190.418,16.657,8.206,1142.510
1134.811,3472652,60,59.572,5.337,289431,33461,187.378,16.786,8.650,1124.269
1135.814,3472712,60,59.787,4.934,289436,35270,202.656,16.726,8.206,1215.936
1137.006,3472784,60,60.420,5.049,289439,35272,198.077,16.551,8.206,1188.463
1138.039,3472844,60,58.062,4.756,289444,33463,210.252,17.223,8.650,1261.514
1139.135,3472910,60,60.252,4.534,289446,35274,220.555,16.597,8.206,1323.330
1140.208,3472975,60,60.567,4.644,289447,35273,215.343,16.511,8.206,1292.057
1141.287,3473040,60,60.203,4.660,289449,35274,214.589,16.610,8.206,1287.535
1142.288,3473100,60,59.971,5.012,289454,33466,199.521,16.675,8.649,1197.124
1143.475,3473172,60,60.655,5.071,289472,33467,197.215,16.487,8.649,1183.293
1144.490,3473231,60,58.115,5.085,289476,35275,196.638,17.207,8.206,1179.828
1145.514,3473290,60,57.618,3.875,289482,35278,258.039,17.356,8.206,1548.234
1146.525,3473350,60,59.346,3.950,289487,35276,253.162,16.850,8.206,1518.974
1147.554,3473410,60,58.302,3.979,289492,35278,251.328,17.152,8.206,1507.966
1148.735,3473481,60,60.124,4.206,289487,35279,237.752,16.632,8.206,1426.510
1149.927,3473553,60,60.400,4.133,289502,35279,241.933,16.556,8.206,1451.600
1151.064,3473622,60,60.676,4.438,289504,35279,225.319,16.481,8.206,1351.913
1152.144,3473687,60,60.219,4.630,289510,35280,215.987,16.606,8.206,1295.924
1153.196,3473751,60,60.815,4.679,289518,35283,213.740,16.443,8.206,1282.437
1154.197,3473811,60,59.978,5.014,289523,35282,199.453,16.673,8.206,1196.717
1155.201,3473871,60,59.715,4.959,289528,35284,201.648,16.746,8.206,1209.890
1156.395,3473943,60,60.317,5.018,289534,35283,199.265,16.579,8.206,1195.591
1157.592,3474015,60,60.168,5.024,289540,35283,199.052,16.620,8.206,1194.313
1158.733,3474084,60,60.448,5.175,289548,33476,193.244,16.543,8.649,1159.466
1159.843,3474151,60,60.385,5.350,289556,35283,186.925,16.561,8.207,1121.550
1160.918,3474216,60,60.445,5.627,289554,35287,177.723,16.544,8.206,1066.337
1162.074,3474286,60,60.537,6.038,289568,35286,165.608,16.519,8.206,993.646
1163.078,3474346,60,59.777,6.037,289573,35288,165.640,16.729,8.206,993.837
1164.241,3474416,60,60.185,5.973,289568,35287,167.423,16.615,8.206,1004.538
1165.246,3474476,60,59.727,5.959,289573,33480,167.812,16.743,8.649,1006.871
1166.247,3474536,60,59.902,5.936,289578,35290,168.466,16.694,8.206,1010.796
1167.411,3474606,60,60.142,6.063,289589,35291,164.935,16.627,8.206,989.607
1168.571,3474676,60,60.338,6.038,289591,33481,165.617,16.573,8.649,993.704
1169.737,3474746,60,60.050,6.030,289601,35291,165.850,16.653,8.206,995.101
1170.870,3474814,60,60.036,6.265,289605,35293,159.624,16.657,8.206,957.746
1171.981,3474881,60,60.315,6.548,289608,35292,152.723,16.580,8.206,916.339
1173.046,3474945,60,60.048,6.454,289626,35293,154.941,16.653,8.206,929.644
1174.096,3475008,60,60.042,6.618,289618,35294,151.092,16.655,8.206,906.552
1175.151,3475071,60,59.699,6.594,289628,35296,151.658,16.751,8.206,909.947
1176.194,3475134,60,60.387,6.728,289633,35295,148.623,16.560,8.206,891.735
1177.246,3475197,60,59.928,6.676,289631,33486,149.792,16.687,8.649,898.751
1178.290,3475260,60,60.306,6.713,289634,33487,148.962,16.582,8.649,893.773
1179.337,3475323,60,60.171,6.649,289649,35297,150.389,16.619,8.206,902.332
1180.436,3475389,60,60.065,7.519,289654,33487,132.989,16.649,8.650,797.936
1181.508,3475454,60,60.634,7.617,289655,35298,131.290,16.492,8.206,787.743
1182.572,3475518,60,60.146,7.474,289660,35300,133.794,16.626,8.206,802.767
1183.602,3475580,60,60.184,7.982,289661,33490,125.288,16.616,8.649,751.727
1184.700,3475646,60,60.101,8.373,289676,35300,119.436,16.639,8.206,716.618
1185.781,3475711,60,60.148,8.630,289686,35300,115.881,16.626,8.206,695.286
1186.831,3475774,60,60.008,8.578,289685,35303,116.576,16.664,8.206,699.458
1187.883,3475837,60,59.894,8.504,289686,33492,117.595,16.696,8.649,705.567
1188.932,3475900,60,60.023,8.545,289695,33493,117.022,16.660,8.649,702.131
1189.976,3475963,60,60.395,8.604,289702,35302,116.224,16.558,8.206,697.345
1191.002,3476025,60,60.394,8.868,289716,35304,112.761,16.558,8.206,676.564
1192.102,3476091,60,59.998,9.953,289713,35305,100.473,16.667,8.206,602.836
1193.128,3476152,60,59.446,9.056,289723,35307,110.428,16.822,8.206,662.568
1194.184,3476215,60,59.669,8.565,289717,35305,116.753,16.759,8.206,700.520
1195.311,3476282,60,59.483,7.969,289724,35306,125.483,16.812,8.206,752.901
1196.376,3476346,60,60.069,7.482,289734,35308,133.647,16.648,8.206,801.882
1197.401,3476408,60,60.489,7.554,289742,35309,132.382,16.532,8.206,794.292
1198.545,3476475,60,58.553,6.588,289745,35308,151.793,17.079,8.206,910.758
1199.614,3476539,60,59.862,6.714,289742,35309,148.936,16.705,8.206,893.618
1200.663,3476602,60,60.070,6.629,289752,35311,150.858,16.647,8.206,905.149
1201.703,3476665,60,60.607,6.767,289756,35311,147.766,16.500,8.206,886.598
1202.765,3476729,60,60.259,7.556,289773,35310,132.342,16.595,8.207,794.051
1203.831,3476793,60,60.007,7.528,289772,35311,132.837,16.665,8.206,797.024
1204.893,3476857,60,60.304,7.529,289771,35314,132.820,16.583,8.206,796.917
1205.983,3476922,60,59.625,7.399,289779,35313,135.146,16.771,8.206,810.874
1207.040,3476986,60,60.518,7.554,289793,35313,132.389,16.524,8.206,794.332
1208.106,3477050,60,60.048,7.501,289791,35314,133.319,16.653,8.206,799.912
1209.179,3477114,60,59.646,7.400,289798,35317,135.128,16.766,8.206,810.770
1210.243,3477178,60,60.168,7.523,289799,35316,132.918,16.620,8.206,797.506
1211.309,3477242,60,60.013,7.485,289804,35315,133.607,16.663,8.206,801.643
1212.379,3477306,60,59.811,7.541,289814,35317,132.607,16.719,8.206,795.642
1213.445,3477370,60,60.024,7.545,289822,35319,132.532,16.660,8.206,795.195
1214.516,3477434,60,59.792,7.416,289820,35319,134.844,16.725,8.206,809.061
1215.640,3477501,60,59.583,7.383,289822,33507,135.454,16.783,8.650,812.725
1216.690,3477564,60,59.996,6.674,289838,33509,149.839,16.668,8.650,899.034
1217.703,3477625,60,60.246,7.049,289836,35321,141.860,16.599,8.206,851.163
1218.839,3477693,60,59.830,7.490,289847,33510,133.508,16.714,8.650,801.050
1219.893,3477756,60,59.794,6.619,289849,33509,151.086,16.724,8.650,906.519
1220.943,3477819,60,60.003,6.659,289853,35323,150.165,16.666,8.206,900.992
1221.991,3477882,60,60.122,6.693,289859,35323,149.415,16.633,8.206,896.492
1223.043,3477945,60,59.871,6.657,289876,35324,150.211,16.703,8.206,901.266
1224.098,3478008,60,59.725,6.629,289868,35323,150.857,16.743,8.206,905.139
1225.141,3478071,60,60.396,6.693,289878,35326,149.416,16.557,8.206,896.494
1226.197,3478134,60,59.686,6.692,289883,35326,149.436,16.754,8.206,896.614
1227.249,3478197,60,59.881,6.627,289881,33516,150.897,16.700,8.649,905.383
1228.380,3478263,60,58.341,5.986,289894,35326,167.059,17.141,8.206,1002.355
1229.478,3478329,60,60.110,5.467,289899,35328,182.924,16.636,8.206,1097.542
1230.580,3478395,60,59.905,5.468,289905,35329,182.894,16.693,8.206,1097.365
1231.675,3478461,60,60.248,5.516,289902,33517,181.294,16.598,8.649,1087.762
1232.774,3478527,60,60.041,5.471,289914,35329,182.795,16.655,8.206,1096.768
1233.862,3478592,60,59.779,5.471,289926,35330,182.774,16.728,8.206,1096.642
1234.956,3478658,60,60.337,5.516,289923,35332,181.275,16.573,8.206,1087.648
1236.058,3478724,60,59.864,5.427,289934,33519,184.247,16.704,8.650,1105.485
1237.160,3478790,60,59.885,5.482,289936,35333,182.401,16.699,8.206,1094.404
1238.258,3478856,60,60.126,5.451,289938,35333,183.455,16.632,8.206,1100.728
1239.361,3478922,60,59.852,5.434,289944,35334,184.011,16.708,8.206,1104.065
1240.457,3478988,60,60.193,5.505,289957,33522,181.642,16.613,8.650,1089.855
1241.551,3479054,60,60.312,5.496,289955,35335,181.949,16.580,8.206,1091.696
1242.715,3479124,60,60.151,6.000,289968,33524,166.671,16.625,8.650,1000.025
1243.877,3479194,60,60.274,5.969,289970,35337,167.532,16.591,8.206,1005.191
1245.037,3479264,60,60.333,6.011,289979,35337,166.351,16.575,8.206,998.103
1246.179,3479332,60,59.511,6.217,289988,33526,160.848,16.804,8.650,965.087
1247.343,3479402,60,60.137,5.998,289984,35339,166.723,16.629,8.206,1000.337
1248.509,3479472,60,60.037,6.027,289997,35339,165.932,16.656,8.206,995.590
1249.673,3479542,60,60.166,6.063,289997,35339,164.942,16.621,8.206,989.654
1250.674,3479602,60,59.947,5.992,290002,35341,166.895,16.681,8.206,1001.368
1251.779,3479669,60,60.635,6.408,290018,33529,156.058,16.492,8.650,936.348
1252.827,3479732,60,60.109,6.635,290021,33530,150.715,16.636,8.650,904.287
1253.954,3479799,60,59.412,6.138,290018,35341,162.921,16.832,8.206,977.527
1255.102,3479868,60,60.105,5.998,290023,33532,166.734,16.638,8.649,1000.403
1256.264,3479937,60,59.425,5.871,290026,35344,170.337,16.828,8.206,1022.020
1257.424,3480007,60,60.324,6.014,290039,35345,166.288,16.577,8.206,997.725
1258.588,3480077,60,60.114,5.996,290048,33533,166.782,16.635,8.650,1000.695
1259.592,3480137,60,59.785,5.972,290053,35346,167.436,16.727,8.206,1004.614
1260.595,3480197,60,59.843,5.994,290058,33535,166.831,16.710,8.649,1000.984
1261.717,3480265,60,60.596,6.366,290056,35347,157.077,16.503,8.206,942.459
1262.758,3480328,60,60.501,6.711,290065,35347,149.009,16.529,8.206,894.054
1263.811,3480391,60,59.849,6.619,290076,35348,151.074,16.709,8.206,906.445
1264.865,3480454,60,59.741,6.689,290075,35351,149.505,16.739,8.206,897.029
1265.934,3480518,60,59.879,6.460,290078,35349,154.801,16.700,8.206,928.809
1266.979,3480581,60,60.270,6.689,290083,33538,149.500,16.592,8.649,897.000
1268.026,3480644,60,60.197,6.728,290094,33538,148.640,16.612,8.650,891.838
1269.075,3480707,60,60.034,6.706,290095,35352,149.112,16.657,8.206,894.669
1270.125,3480770,60,60.047,6.670,290101,35352,149.935,16.654,8.206,899.613
1271.173,3480833,60,60.090,6.698,290104,35354,149.298,16.642,8.206,895.791
1272.219,3480896,60,60.258,6.740,290108,35354,148.376,16.595,8.206,890.256
1273.339,3480963,60,59.822,7.228,290119,35354,138.345,16.716,8.206,830.069
1274.353,3481024,60,60.136,6.902,290125,35355,144.876,16.629,8.206,869.253
1275.407,3481087,60,59.761,6.660,290129,35356,150.149,16.733,8.206,900.896
1276.462,3481150,60,59.704,6.633,290137,35356,150.752,16.749,8.206,904.511
1277.516,3481213,60,59.782,6.618,290141,33545,151.113,16.727,8.649,906.679
1278.566,3481276,60,59.986,6.660,290141,33545,150.150,16.670,8.649,900.900
1279.610,3481339,60,60.342,6.661,290142,35357,150.134,16.572,8.206,900.801
1280.657,3481402,60,60.197,6.722,290152,35359,148.759,16.612,8.206,892.555
1281.709,3481465,60,59.858,6.624,290156,35360,150.977,16.706,8.206,905.863
1282.759,3481528,60,60.005,6.666,290165,35360,150.010,16.665,8.206,900.059
1283.810,3481591,60,59.982,6.683,290176,35359,149.634,16.672,8.207,897.803
1284.860,3481654,60,59.964,6.613,290175,35362,151.216,16.677,8.206,907.298
1285.915,3481717,60,59.709,6.657,290176,33548,150.216,16.748,8.650,901.295
1286.963,3481780,60,60.132,6.678,290185,33550,149.754,16.630,8.649,898.527
1288.082,3481845,60,58.075,5.989,290201,33549,166.985,17.219,8.650,1001.908
1289.181,3481911,60,60.061,5.422,290198,35365,184.442,16.650,8.206,1106.651
1290.281,3481977,60,60.025,5.452,290196,35365,183.411,16.660,8.206,1100.467
1291.422,3482045,60,59.571,5.114,290221,33552,195.528,16.787,8.650,1173.169
1292.428,3482105,60,59.667,4.994,290226,35365,200.249,16.760,8.207,1201.494
1293.622,3482177,60,60.293,5.036,290223,35367,198.590,16.586,8.206,1191.537
1294.678,3482239,60,58.688,4.683,290217,35368,213.546,17.039,8.206,1281.278
1295.757,3482304,60,60.273,4.614,290233,35368,216.712,16.591,8.206,1300.275
1296.840,3482369,60,60.032,4.579,290243,35368,218.371,16.658,8.206,1310.227
1297.928,3482434,60,59.713,4.580,290240,35369,218.339,16.747,8.206,1310.033
1299.007,3482499,60,60.230,4.663,290243,35371,214.456,16.603,8.206,1286.738
1300.064,3482563,60,60.545,4.644,290252,35370,215.354,16.517,8.206,1292.123
1301.255,3482635,60,60.477,5.026,290252,35372,198.956,16.535,8.206,1193.735
1302.387,3482703,60,60.077,5.482,290264,35372,182.415,16.645,8.206,1094.492
1303.499,3482770,60,60.221,5.469,290272,35374,182.839,16.605,8.206,1097.031
1304.687,3482841,60,59.790,5.001,290267,35373,199.954,16.725,8.206,1199.721
1305.855,3482911,60,59.923,5.259,290286,35374,190.153,16.688,8.206,1140.920
1306.861,3482971,60,59.657,5.019,290291,35375,199.230,16.763,8.206,1195.377
1308.058,3483043,60,60.125,5.049,290292,35376,198.061,16.632,8.206,1188.367
1309.064,3483103,60,59.648,4.978,290297,35376,200.876,16.765,8.206,1205.258
1310.256,3483175,60,60.404,5.050,290297,35377,198.004,16.555,8.206,1188.027
1311.452,3483247,60,60.227,5.024,290309,35378,199.060,16.604,8.206,1194.359
1312.601,3483316,60,60.013,5.322,290311,33565,187.886,16.663,8.649,1127.314
1313.782,3483386,60,59.302,4.989,290321,35378,200.447,16.863,8.206,1202.679
1314.805,3483447,60,59.593,4.963,290324,35379,201.487,16.780,8.206,1208.924
1315.840,3483509,60,59.936,4.877,290338,33566,205.031,16.685,8.650,1230.189
1316.954,3483575,60,59.224,4.444,290333,35382,225.016,16.885,8.206,1350.094
1318.140,3483645,60,59.051,4.285,290351,33566,233.367,16.935,8.650,1400.202
1319.358,3483717,60,59.104,4.210,290341,33569,237.522,16.919,8.649,1425.129
1320.579,3483790,60,59.789,4.016,290357,35383,249.034,16.725,8.206,1494.203
1321.583,3483850,60,59.761,3.974,290362,35384,251.632,16.733,8.206,1509.794
1322.782,3483922,60,60.059,4.115,290362,35385,243.024,16.650,8.206,1458.141
1324.013,3483996,60,60.112,4.082,290369,33570,244.994,16.636,8.650,1469.966
1325.185,3484067,60,60.546,4.338,290375,35387,230.515,16.516,8.206,1383.087
1326.378,3484138,60,59.540,4.283,290379,35385,233.456,16.795,8.206,1400.739
1327.582,3484210,60,59.810,4.163,290392,35388,240.195,16.720,8.206,1441.168
1328.814,3484284,60,60.046,4.088,290398,33574,244.594,16.654,8.649,1467.564
1330.039,3484357,60,59.588,3.978,290396,33573,251.414,16.782,8.650,1508.482
1331.040,3484417,60,59.941,3.999,290401,35390,250.034,16.683,8.206,1500.204
1332.272,3484491,60,60.060,4.111,290413,35390,243.236,16.650,8.206,1459.419
1333.480,3484563,60,59.606,4.045,290419,35391,247.235,16.777,8.206,1483.409
1334.687,3484635,60,59.648,4.154,290425,35391,240.728,16.765,8.206,1444.368
1335.688,3484695,60,59.947,3.979,290430,35392,251.321,16.681,8.206,1507.926
1336.909,3484768,60,59.800,4.024,290435,35392,248.538,16.722,8.206,1491.226
1337.911,3484828,60,59.903,3.992,290440,33580,250.526,16.694,8.649,1503.159
1339.161,3484903,60,59.971,3.981,290447,35393,251.184,16.675,8.206,1507.103
1340.342,3484974,60,60.149,4.195,290453,35395,238.367,16.625,8.206,1430.200
1341.508,3485044,60,60.020,4.278,290460,33581,233.732,16.661,8.650,1402.395
1342.678,3485114,60,59.798,4.238,290460,35397,235.939,16.723,8.206,1415.634
1343.680,3485174,60,59.902,3.995,290465,35396,250.331,16.694,8.206,1501.988
1344.684,3485234,60,59.769,3.968,290470,35398,251.985,16.731,8.206,1511.913
1345.866,3485305,60,60.060,4.287,290476,35399,233.287,16.650,8.206,1399.725
1347.084,3485378,60,59.917,4.030,290483,35400,248.163,16.690,8.206,1488.977
1348.322,3485452,60,59.776,3.974,290498,33584,251.658,16.729,8.650,1509.948
1349.557,3485526,60,59.959,4.092,290499,35402,244.350,16.678,8.206,1466.099
1350.777,3485599,60,59.837,3.977,290497,35403,251.438,16.712,8.205,1508.630
1351.959,3485670,60,60.038,4.194,290514,35400,238.457,16.656,8.207,1430.743
1353.183,3485743,60,59.660,4.072,290517,35403,245.555,16.762,8.206,1473.331
1354.418,3485817,60,59.894,4.095,290516,35404,244.204,16.696,8.206,1465.222
1355.421,3485877,60,59.824,3.997,290521,33590,250.202,16.716,8.649,1501.212
1356.664,3485951,60,59.527,4.059,290536,35404,246.358,16.799,8.206,1478.146
1357.676,3486011,60,59.310,3.977,290541,35406,251.438,16.861,8.206,1508.627
1358.843,3486081,60,60.003,4.277,290537,35407,233.814,16.666,8.206,1402.882
1360.020,3486140,60,50.115,3.364,290541,33591,297.258,19.954,8.649,1783.548
1361.137,3486200,60,53.702,3.761,290546,35407,265.909,18.621,8.206,1595.457
1362.295,3486260,60,51.834,3.259,290551,33592,306.874,19.292,8.649,1841.242
1363.542,3486335,60,60.116,4.023,290563,35410,248.572,16.634,8.206,1491.431
1364.556,3486395,60,59.168,3.926,290568,35409,254.714,16.901,8.206,1528.282
1365.557,3486455,60,59.958,3.991,290573,35410,250.547,16.678,8.206,1503.283
1366.596,3486515,60,57.741,3.905,290578,35410,256.075,17.319,8.206,1536.453
1367.606,3486575,60,59.412,4.010,290583,35412,249.377,16.832,8.206,1496.263
1368.609,3486635,60,59.826,3.988,290588,35412,250.739,16.715,8.206,1504.437
1369.841,3486709,60,60.083,3.998,290595,33597,250.145,16.644,8.649,1500.868
1371.012,3486779,60,59.739,4.284,290594,35413,233.446,16.739,8.206,1400.673
1372.222,3486852,60,60.367,4.214,290612,33599,237.279,16.565,8.649,1423.676
1373.454,3486925,60,59.242,3.947,290611,33599,253.369,16.880,8.649,1520.212
1374.468,3486985,60,59.140,3.924,290616,35415,254.855,16.909,8.206,1529.132
1375.480,3487045,60,59.329,3.961,290621,33600,252.437,16.855,8.649,1514.623
1376.502,3487105,60,58.681,3.917,290626,35417,255.319,17.041,8.206,1531.915
1377.510,3487165,60,59.548,3.955,290631,33601,252.862,16.793,8.649,1517.175
1378.745,3487239,60,59.894,4.075,290638,35417,245.428,16.696,8.206,1472.566
1379.753,3487299,60,59.563,3.950,290643,35420,253.158,16.789,8.206,1518.947
1380.930,3487370,60,60.283,4.305,290651,35420,232.304,16.588,8.206,1393.822
1382.085,3487440,60,60.621,4.314,290649,35420,231.800,16.496,8.206,1390.799
1383.239,3487509,60,59.799,4.272,290664,33604,234.066,16.723,8.650,1404.395
1384.396,3487578,60,59.629,4.343,290665,35422,230.279,16.770,8.206,1381.674
1385.552,3487648,60,60.547,4.324,290675,35423,231.289,16.516,8.206,1387.732
1386.761,3487719,60,58.729,4.076,290678,35421,245.343,17.027,8.206,1472.055
1387.775,3487779,60,59.181,3.931,290683,35425,254.364,16.897,8.206,1526.181
1388.776,3487839,60,59.942,3.974,290688,35423,251.645,16.683,8.206,1509.871
1390.013,3487912,60,58.998,3.978,290703,35427,251.360,16.950,8.206,1508.161
1391.017,3487972,60,59.795,3.977,290708,33608,251.460,16.724,8.650,1508.760
1392.263,3488047,60,60.177,4.001,290709,35427,249.947,16.618,8.206,1499.683
1393.267,3488107,60,59.750,3.999,290714,35428,250.057,16.736,8.206,1500.343
1394.516,3488182,60,60.070,4.016,290717,35428,248.982,16.647,8.206,1493.890
1395.715,3488254,60,60.054,4.189,290725,35429,238.747,16.652,8.206,1432.483
1396.957,3488328,60,59.546,3.918,290728,35429,255.252,16.794,8.206,1531.513
1398.121,3488398,60,60.138,4.292,290734,35430,232.989,16.628,8.206,1397.936
1399.289,3488468,60,59.959,4.309,290747,33613,232.066,16.678,8.650,1392.398
1400.483,3488538,60,58.612,4.305,290745,35431,232.272,17.061,8.206,1393.630
1401.488,3488598,60,59.712,4.007,290750,35433,249.557,16.747,8.206,1497.344
1402.490,3488658,60,59.854,4.028,290755,35433,248.246,16.707,8.206,1489.476
1403.670,3488729,60,60.181,4.287,290773,35432,233.247,16.617,8.207,1399.483
1404.894,3488801,60,58.816,3.945,290768,35434,253.506,17.002,8.206,1521.038
1406.095,3488873,60,59.960,4.159,290774,35437,240.469,16.678,8.205,1442.814
1407.104,3488933,60,59.480,3.967,290779,33619,252.063,16.812,8.649,1512.375
1408.265,3489003,60,60.301,4.309,290789,35434,232.071,16.584,8.206,1392.429
1409.441,3489073,60,59.527,4.255,290796,35436,235.014,16.799,8.206,1410.083
1410.618,3489144,60,60.321,4.289,290803,35438,233.160,16.578,8.206,1398.960
1411.789,3489214,60,59.752,4.262,290805,35439,234.630,16.736,8.206,1407.778
1412.988,3489286,60,60.060,4.168,290818,35438,239.925,16.650,8.206,1439.550
1414.157,3489356,60,59.886,4.277,290813,33623,233.815,16.698,8.649,1402.892
1415.357,3489428,60,60.001,4.290,290827,33623,233.103,16.666,8.650,1398.618
1416.523,3489498,60,60.008,4.297,290825,35440,232.733,16.664,8.206,1396.398
1417.745,3489571,60,59.747,4.046,290841,35442,247.165,16.737,8.206,1482.989
1418.924,3489642,60,60.212,4.267,290839,35443,234.373,16.608,8.206,1406.238
1420.110,3489713,60,59.892,4.273,290844,35445,234.001,16.697,8.206,1404.006
1421.325,3489786,60,60.058,4.000,290854,35443,250.000,16.651,8.206,1500.001
1422.529,3489858,60,59.821,4.189,290855,35445,238.740,16.717,8.206,1432.441
1423.705,3489929,60,60.357,4.296,290873,35446,232.793,16.568,8.206,1396.757
1424.870,3489999,60,60.125,4.288,290868,35446,233.198,16.632,8.206,1399.190
1426.041,3490069,60,59.774,4.239,290875,33630,235.915,16.730,8.649,1415.489
1427.231,3490140,60,59.632,4.140,290874,33630,241.549,16.770,8.649,1449.293
1428.412,3490211,60,60.115,4.223,290891,35450,236.783,16.635,8.206,1420.697
1429.652,3490285,60,59.714,3.999,290891,33630,250.051,16.746,8.650,1500.309
1430.892,3490359,60,59.669,4.053,290898,35449,246.726,16.759,8.206,1480.354
1432.068,3490430,60,60.341,4.216,290906,35452,237.182,16.572,8.206,1423.094
1433.271,3490501,60,59.017,4.177,290906,33633,239.391,16.944,8.649,1436.347
1434.519,3490576,60,60.106,4.016,290916,35452,249.001,16.637,8.206,1494.003
1435.526,3490636,60,59.579,3.973,290921,33635,251.678,16.784,8.649,1510.067
1436.772,3490711,60,60.232,4.036,290936,35454,247.770,16.603,8.206,1486.620
1438.013,3490785,60,59.589,4.016,290946,35454,249.021,16.782,8.206,1494.126
1439.260,3490860,60,60.170,4.000,290934,33637,250.020,16.620,8.649,1500.120
1440.459,3490932,60,60.037,4.125,290952,33638,242.412,16.656,8.650,1454.472
1441.620,3491002,60,60.301,4.303,290952,35457,232.413,16.584,8.206,1394.477
1442.785,3491072,60,60.065,4.288,290966,35456,233.206,16.649,8.206,1399.238
1443.953,3491142,60,59.958,4.282,290964,35458,233.518,16.678,8.206,1401.106
1445.122,3491212,60,59.881,4.279,290978,33641,233.687,16.700,8.650,1402.120
1446.286,3491282,60,60.107,4.307,290974,35459,232.173,16.637,8.206,1393.040
1447.475,3491353,60,59.726,4.293,290986,35459,232.933,16.743,8.206,1397.599
1448.643,3491423,60,59.951,4.296,290985,35460,232.797,16.680,8.206,1396.781
1449.648,3491483,60,59.677,3.983,290990,35463,251.098,16.757,8.205,1506.588
1450.829,3491554,60,60.142,4.192,291000,35461,238.564,16.627,8.206,1431.385
1451.987,3491624,60,60.445,4.321,291009,35463,231.433,16.544,8.206,1388.600
1453.115,3491692,60,60.292,4.514,291018,33645,221.555,16.586,8.650,1329.328
1454.256,3491760,60,59.575,4.455,291009,35464,224.458,16.786,8.206,1346.749
1455.431,3491830,60,59.605,4.237,291027,35463,236.017,16.777,8.206,1416.101
1456.591,3491900,60,60.334,4.307,291021,33647,232.190,16.574,8.649,1393.138
1457.755,3491970,60,60.097,4.274,291039,35466,233.972,16.640,8.206,1403.832
1458.925,3492040,60,59.833,4.263,291040,35466,234.595,16.713,8.206,1407.570
1460.084,3492110,60,60.398,4.316,291046,35469,231.684,16.557,8.206,1390.103
1461.250,3492180,60,60.032,4.287,291044,33650,233.241,16.658,8.649,1399.447
1462.419,3492250,60,59.910,4.279,291062,35471,233.710,16.692,8.206,1402.261
1463.587,3492320,60,59.906,4.273,291056,35470,234.044,16.693,8.206,1404.264
1464.758,3492390,60,59.784,4.269,291074,35470,234.274,16.727,8.206,1405.643
1465.923,3492460,60,60.084,4.313,291075,33653,231.839,16.643,8.649,1391.035
1467.096,3492530,60,59.709,4.253,291081,35472,235.145,16.748,8.206,1410.870
1468.343,3492604,60,59.308,3.998,291090,33653,250.121,16.861,8.650,1500.725
1469.352,3492664,60,59.513,3.981,291095,35473,251.184,16.803,8.206,1507.104
1470.362,3492724,60,59.356,3.940,291100,33655,253.800,16.848,8.650,1522.802
1471.365,3492784,60,59.859,3.974,291105,35475,251.638,16.706,8.206,1509.826
1472.370,3492844,60,59.717,3.956,291110,33655,252.775,16.746,8.650,1516.652
1473.370,3492904,60,59.994,3.986,291115,35476,250.898,16.668,8.206,1505.390
1474.372,3492964,60,59.847,3.986,291120,33658,250.881,16.709,8.649,1505.289
1475.609,3493038,60,59.846,3.998,291120,35478,250.096,16.710,8.206,1500.574
1476.807,3493110,60,60.073,4.207,291134,35476,237.722,16.647,8.207,1426.333
1478.024,3493183,60,59.977,4.071,291137,35479,245.623,16.673,8.206,1473.740
1479.192,3493253,60,59.962,4.292,291139,33660,232.990,16.677,8.649,1397.941
1480.399,3493325,60,59.631,3.975,291161,33661,251.599,16.770,8.650,1509.594
1481.403,3493385,60,59.799,3.990,291166,35480,250.618,16.723,8.206,1503.707
1482.649,3493459,60,59.364,3.966,291152,35481,252.158,16.845,8.206,1512.947
1483.657,3493519,60,59.499,3.979,291157,35483,251.303,16.807,8.206,1507.817
1484.661,3493579,60,59.771,3.987,291162,35482,250.841,16.731,8.206,1505.046
1485.662,3493639,60,59.936,3.970,291167,35483,251.919,16.685,8.206,1511.512
1486.670,3493699,60,59.563,3.970,291172,35484,251.898,16.789,8.206,1511.387
1487.905,3493773,60,59.894,4.077,291187,33666,245.301,16.696,8.649,1471.805
1488.911,3493833,60,59.652,3.972,291192,35484,251.784,16.764,8.206,1510.704
1489.921,3493893,60,59.432,3.981,291197,33666,251.222,16.826,8.650,1507.332
1490.940,3493952,60,57.856,3.864,291206,35486,258.814,17.284,8.206,1552.884
1491.983,3494012,60,57.551,3.814,291211,33668,262.207,17.376,8.649,1573.240
1493.042,3494072,60,56.649,3.822,291216,35487,261.620,17.653,8.206,1569.722
1494.046,3494132,60,59.778,4.006,291221,33668,249.649,16.728,8.650,1497.893
1495.056,3494192,60,59.421,3.946,291226,35488,253.452,16.829,8.206,1520.713
1496.057,3494252,60,59.894,3.981,291231,33670,251.210,16.696,8.650,1507.262
1497.061,3494312,60,59.784,3.978,291236,35490,251.371,16.727,8.206,1508.227
1498.069,3494372,60,59.497,3.941,291241,33670,253.765,16.807,8.650,1522.591
1499.076,3494432,60,59.607,4.005,291246,35491,249.662,16.776,8.206,1497.969
1500.079,3494492,60,59.804,3.991,291251,33672,250.539,16.721,8.650,1503.236
1501.083,3494552,60,59.796,3.965,291256,35493,252.185,16.724,8.206,1513.108
1502.087,3494612,60,59.715,3.997,291261,33673,250.176,16.746,8.650,1501.054
1503.307,3494685,60,59.841,4.108,291271,33673,243.455,16.711,8.650,1460.730
1504.508,3494757,60,59.967,4.253,291261,33676,235.108,16.676,8.649,1410.645
1505.517,3494817,60,59.445,3.954,291266,35496,252.912,16.822,8.206,1517.474
1506.716,3494889,60,60.048,4.134,291279,35495,241.905,16.653,8.206,1451.432
1507.725,3494949,60,59.510,3.965,291284,33676,252.226,16.804,8.650,1513.357
1508.955,3495023,60,60.135,4.115,291285,35497,243.023,16.629,8.206,1458.137
1510.118,3495093,60,60.201,4.306,291297,33678,232.216,16.611,8.649,1393.297
1511.280,3495163,60,60.224,4.315,291302,35497,231.737,16.605,8.206,1390.420
1512.451,3495233,60,59.813,4.290,291304,35501,233.092,16.719,8.206,1398.549
1513.622,3495303,60,59.758,4.271,291314,35501,234.113,16.734,8.206,1404.678
1514.788,3495373,60,60.016,4.293,291321,33681,232.943,16.662,8.649,1397.656
1515.953,3495443,60,60.120,4.302,291320,35502,232.465,16.634,8.206,1394.788
1517.125,3495513,60,59.722,4.268,291332,35502,234.304,16.744,8.206,1405.824
1518.329,3495585,60,59.772,4.167,291346,35504,239.980,16.730,8.206,1439.879
1519.528,3495657,60,60.069,4.213,291336,35502,237.333,16.648,8.206,1423.997
1520.730,3495729,60,59.912,4.187,291349,35505,238.860,16.691,8.206,1433.161
1521.750,3495788,60,57.831,3.972,291357,33684,251.774,17.292,8.650,1510.647
1522.754,3495848,60,59.771,4.005,291362,35507,249.714,16.731,8.206,1498.286
1523.759,3495908,60,59.693,3.994,291367,33684,250.365,16.752,8.650,1502.190
1524.760,3495968,60,59.962,3.966,291372,35508,252.166,16.677,8.206,1512.998
1525.983,3496042,60,60.486,4.026,291372,35509,248.364,16.533,8.206,1490.186
1527.185,3496114,60,59.883,4.075,291380,35508,245.405,16.699,8.206,1472.427
1528.399,3496186,60,59.335,3.924,291393,35508,254.823,16.853,8.206,1528.939
1529.582,3496257,60,59.988,4.271,291386,35510,234.134,16.670,8.206,1404.805
1530.822,3496331,60,59.717,3.959,291401,35512,252.601,16.746,8.206,1515.607
1532.035,3496404,60,60.137,4.181,291408,33690,239.172,16.629,8.650,1435.034
1533.205,3496474,60,59.846,4.262,291410,35511,234.611,16.710,8.206,1407.664
1534.410,3496546,60,59.770,4.147,291423,35512,241.139,16.731,8.206,1446.836
1535.416,3496606,60,59.647,3.973,291428,35514,251.698,16.765,8.206,1510.185
1536.636,3496679,60,59.832,4.105,291419,35512,243.585,16.713,8.206,1461.509
1537.858,3496752,60,59.748,4.099,291437,35514,243.955,16.737,8.206,1463.730
1538.858,3496812,60,59.990,3.978,291442,33695,251.353,16.669,8.649,1508.118
1539.860,3496872,60,59.885,3.979,291447,35516,251.308,16.699,8.206,1507.850
1541.073,3496945,60,60.161,4.199,291446,35516,238.124,16.622,8.206,1428.746
1542.293,3497018,60,59.851,4.077,291453,35518,245.251,16.708,8.206,1471.504
1543.513,3497091,60,59.818,3.981,291463,35518,251.221,16.717,8.206,1507.325
1544.736,3497164,60,59.673,4.094,291470,33698,244.276,16.758,8.649,1465.657
1545.928,3497236,60,60.413,4.306,291471,33699,232.232,16.553,8.649,1393.392
1547.179,3497308,60,57.562,3.769,291480,33699,265.298,17.373,8.650,1591.789
1548.364,3497368,60,50.635,3.344,291485,35522,299.018,19.749,8.206,1794.110
1549.416,3497428,60,57.058,3.621,291490,33700,276.153,17.526,8.650,1656.919
1550.550,3497488,60,52.887,3.427,291495,35522,291.813,18.908,8.206,1750.880
1551.567,3497548,60,59.007,3.989,291500,33701,250.667,16.947,8.650,1504.002
1552.745,3497619,60,60.280,4.309,291503,35525,232.069,16.589,8.206,1392.411
1553.995,3497693,60,59.205,3.973,291509,33702,251.673,16.891,8.650,1510.040
1554.999,3497753,60,59.757,3.953,291514,35526,253.002,16.734,8.206,1518.010
1556.220,3497826,60,59.781,4.062,291524,35525,246.199,16.728,8.206,1477.195
1557.226,3497886,60,59.653,3.988,291529,35528,250.727,16.764,8.206,1504.364
1558.432,3497958,60,59.703,4.198,291530,35526,238.231,16.750,8.206,1429.389
1559.434,3498018,60,59.856,3.999,291535,35528,250.077,16.707,8.206,1500.464
1560.436,3498078,60,59.874,3.989,291540,35528,250.659,16.702,8.206,1503.957
1561.440,3498138,60,59.750,3.988,291545,35530,250.773,16.736,8.206,1504.639
1562.441,3498198,60,59.979,3.975,291550,35529,251.550,16.673,8.206,1509.300
1563.605,3498268,60,60.098,4.284,291560,33708,233.438,16.640,8.650,1400.631
1564.775,3498338,60,59.862,4.254,291563,35531,235.074,16.705,8.206,1410.443
1565.962,3498409,60,59.797,4.286,291570,35532,233.337,16.723,8.206,1400.020
1566.969,3498469,60,59.592,3.963,291575,33710,252.337,16.781,8.650,1514.024
1568.214,3498543,60,59.431,4.072,291584,35533,245.600,16.826,8.206,1473.598
1569.223,3498603,60,59.461,3.990,291589,35534,250.652,16.818,8.206,1503.910
1570.226,3498663,60,59.842,3.986,291594,35535,250.849,16.711,8.206,1505.094
1571.231,3498723,60,59.712,3.989,291599,35534,250.687,16.747,8.206,1504.121
1572.410,3498794,60,60.181,4.288,291600,35536,233.222,16.617,8.206,1399.333
1573.647,3498867,60,59.015,3.901,291609,35536,256.366,16.945,8.206,1538.196
1574.664,3498927,60,59.023,3.951,291614,35537,253.080,16.942,8.206,1518.481
1575.669,3498987,60,59.688,3.955,291619,35536,252.844,16.754,8.206,1517.063
1576.670,3499047,60,59.923,3.977,291624,35538,251.453,16.688,8.206,1508.716
1577.935,3499121,60,58.518,3.936,291628,35538,254.074,17.089,8.206,1524.445
1578.953,3499181,60,58.915,3.942,291633,33718,253.700,16.974,8.649,1522.198
1579.965,3499241,60,59.340,3.925,291638,35538,254.749,16.852,8.206,1528.496
1581.007,3499301,60,57.551,3.705,291643,33719,269.927,17.376,8.649,1619.561
1582.011,3499361,60,59.758,3.957,291648,35540,252.735,16.734,8.206,1516.410
1583.255,3499436,60,60.277,4.014,291653,33721,249.156,16.590,8.649,1494.936
1584.436,3499507,60,60.120,4.276,291664,35542,233.846,16.633,8.206,1403.074
1585.599,3499577,60,60.188,4.308,291673,35543,232.150,16.615,8.206,1392.900
1586.806,3499649,60,59.667,4.143,291683,35544,241.389,16.760,8.206,1448.333
1588.004,3499721,60,60.128,4.301,291678,35544,232.501,16.631,8.206,1395.005
1589.251,3499795,60,59.317,3.985,291682,35547,250.952,16.859,8.206,1505.713
1590.445,3499867,60,60.298,4.124,291694,35547,242.504,16.584,8.206,1455.022
1591.632,3499938,60,59.836,4.253,291695,35548,235.129,16.712,8.206,1410.775
1592.833,3500010,60,59.935,4.179,291709,35546,239.314,16.685,8.207,1435.885
1594.049,3500083,60,60.024,4.217,291712,35548,237.141,16.660,8.206,1422.845
1595.222,3500153,60,59.698,4.270,291714,35551,234.190,16.751,8.206,1405.140
1596.455,3500227,60,60.011,4.096,291724,35550,244.155,16.664,8.206,1464.932
1597.637,3500298,60,60.085,4.273,291725,35550,234.000,16.643,8.206,1404.002
1598.816,3500369,60,60.185,4.277,291743,35551,233.804,16.616,8.206,1402.824
1600.022,3500441,60,59.715,4.137,291738,35553,241.696,16.746,8.206,1450.175
1601.267,3500515,60,59.452,4.018,291742,35554,248.870,16.820,8.206,1493.219
1602.270,3500575,60,59.797,4.006,291747,35554,249.632,16.723,8.206,1497.793
1603.503,3500649,60,60.023,4.066,291759,35556,245.959,16.660,8.206,1475.756
1604.720,3500722,60,59.975,4.152,291762,35556,240.869,16.674,8.206,1445.211
1605.952,3500796,60,60.074,4.011,291769,33731,249.308,16.646,8.650,1495.847
1606.959,3500856,60,59.574,3.973,291774,35557,251.670,16.786,8.206,1510.021
1608.199,3500930,60,59.683,4.068,291781,35557,245.848,16.755,8.206,1475.088
1609.209,3500990,60,59.390,4.000,291786,35559,250.001,16.838,8.206,1500.004
1610.413,3501062,60,59.832,4.272,291789,35558,234.071,16.714,8.206,1404.428
1611.434,3501121,60,57.739,3.903,291791,35559,256.209,17.319,8.206,1537.255
1612.616,3501192,60,60.079,4.285,291807,35560,233.382,16.645,8.206,1400.291
1613.616,3501251,60,58.993,3.992,291811,35561,250.519,16.951,8.206,1503.113
1614.622,3501311,60,59.682,3.950,291816,35560,253.157,16.755,8.206,1518.939
1615.825,3501383,60,59.849,4.171,291815,35562,239.748,16.709,8.206,1438.488
1616.826,3501443,60,59.934,3.999,291820,35563,250.039,16.685,8.206,1500.232
1618.067,3501517,60,59.640,4.059,291826,33739,246.388,16.767,8.650,1478.327
1619.078,3501577,60,59.325,3.906,291831,35564,255.991,16.856,8.206,1535.945
1620.083,3501637,60,59.692,3.995,291836,33740,250.332,16.753,8.650,1501.990
1621.084,3501697,60,59.926,4.015,291841,35566,249.081,16.687,8.206,1494.484
1622.282,3501769,60,60.118,4.096,291850,35565,244.117,16.634,8.206,1464.700
1623.504,3501842,60,59.727,4.050,291854,35566,246.926,16.743,8.206,1481.556
1624.700,3501914,60,60.192,4.289,291860,35568,233.150,16.613,8.206,1398.902
1625.888,3501985,60,59.763,4.270,291866,35569,234.179,16.733,8.206,1405.073
1627.106,3502058,60,59.961,3.994,291873,35568,250.395,16.678,8.206,1502.367
1628.327,3502131,60,59.784,4.070,291883,35569,245.730,16.727,8.206,1474.378
1629.329,3502190,60,58.855,4.030,291886,35571,248.161,16.991,8.206,1488.967
1630.576,3502265,60,60.153,3.988,291906,35571,250.779,16.624,8.206,1504.675
1631.594,3502325,60,58.967,3.966,291911,33747,252.128,16.959,8.650,1512.768
1632.597,3502385,60,59.782,3.994,291916,35572,250.385,16.727,8.206,1502.308
1633.600,3502445,60,59.846,3.990,291921,33749,250.624,16.710,8.650,1503.743
1634.602,3502505,60,59.892,3.996,291926,35574,250.252,16.697,8.206,1501.512
1635.837,3502579,60,59.894,3.967,291912,35573,252.078,16.696,8.206,1512.468
1637.058,3502652,60,59.798,4.183,291931,33751,239.058,16.723,8.650,1434.346
1638.280,3502725,60,59.716,4.206,291941,33751,237.735,16.746,8.650,1426.410
1639.513,3502798,60,59.245,3.937,291934,35576,253.996,16.879,8.206,1523.973
1640.513,3502858,60,59.988,4.004,291939,35576,249.724,16.670,8.206,1498.341
1641.518,3502918,60,59.699,3.996,291944,35577,250.251,16.751,8.206,1501.508
1642.520,3502978,60,59.845,3.989,291949,35578,250.660,16.710,8.206,1503.962
1643.526,3503038,60,59.645,3.983,291954,35578,251.043,16.766,8.206,1506.256
1644.534,3503098,60,59.556,3.965,291959,35578,252.223,16.791,8.206,1513.340
1645.737,3503170,60,59.850,4.183,291972,35581,239.066,16.708,8.206,1434.395
1646.985,3503245,60,60.091,4.010,291971,33757,249.393,16.641,8.649,1496.356
1648.208,3503318,60,59.664,4.197,291978,35580,238.278,16.761,8.206,1429.666
1649.454,3503392,60,59.436,3.963,291993,35584,252.306,16.825,8.206,1513.834
1650.618,3503462,60,60.094,4.311,291989,35584,231.981,16.641,8.206,1391.886
1651.820,3503534,60,59.924,4.099,291995,35584,243.962,16.688,8.206,1463.769
1653.006,3503605,60,59.846,4.172,292001,33759,239.689,16.710,8.650,1438.135
1654.011,3503665,60,59.740,3.960,292006,35585,252.496,16.739,8.206,1514.977
1655.013,3503725,60,59.857,3.970,292011,33761,251.895,16.707,8.649,1511.369
1656.231,3503798,60,59.939,4.099,292018,35586,243.980,16.684,8.206,1463.882
1657.462,3503871,60,59.294,3.960,292028,35588,252.501,16.865,8.206,1515.009
1658.463,3503931,60,59.942,3.992,292033,35587,250.493,16.683,8.206,1502.959
1659.628,3503991,60,51.483,3.282,292038,35590,304.671,19.424,8.206,1828.024
1660.808,3504051,60,50.884,3.284,292043,35589,304.550,19.652,8.206,1827.299
1661.873,3504111,60,56.317,3.991,292048,35590,250.537,17.757,8.206,1503.224
1662.949,3504171,60,55.778,3.869,292053,35590,258.467,17.928,8.206,1550.800
1663.949,3504231,60,59.954,3.997,292058,35593,250.216,16.679,8.205,1501.298
1664.960,3504291,60,59.392,3.951,292063,35592,253.129,16.837,8.206,1518.774
1666.175,3504364,60,60.054,4.028,292070,33766,248.257,16.652,8.650,1489.539
1667.423,3504439,60,60.123,3.996,292067,35593,250.280,16.632,8.206,1501.679
1668.647,3504512,60,59.651,4.076,292086,35593,245.325,16.764,8.206,1471.951
1669.658,3504572,60,59.302,3.949,292091,33769,253.240,16.863,8.650,1519.440
1670.884,3504645,60,59.535,4.093,292101,33769,244.322,16.797,8.650,1465.933
1672.129,3504719,60,59.459,4.061,292089,35595,246.271,16.818,8.206,1477.628
1673.143,3504779,60,59.148,3.905,292094,35597,256.088,16.907,8.206,1536.525
1674.146,3504839,60,59.828,3.988,292099,35596,250.760,16.715,8.206,1504.558
1675.387,3504913,60,59.626,3.988,292116,35597,250.756,16.771,8.206,1504.534
1676.634,3504987,60,59.352,3.984,292119,35599,251.006,16.849,8.206,1506.036
1677.640,3505047,60,59.636,3.967,292124,35600,252.098,16.768,8.206,1512.586
1678.648,3505107,60,59.516,3.970,292129,35600,251.902,16.802,8.206,1511.412
1679.660,3505167,60,59.335,3.986,292134,35600,250.887,16.854,8.206,1505.320
1680.667,3505227,60,59.564,4.000,292139,35601,250.001,16.789,8.206,1500.006
1681.676,3505287,60,59.475,3.972,292144,35602,251.731,16.814,8.206,1510.387
1682.859,3505358,60,59.982,4.209,292148,35602,237.571,16.672,8.206,1425.426
1684.078,3505431,60,59.914,3.986,292158,35604,250.899,16.691,8.206,1505.391
1685.318,3505505,60,59.689,3.973,292176,35603,251.706,16.753,8.206,1510.234
1686.528,3505578,60,60.325,4.110,292165,35605,243.282,16.577,8.206,1459.694
1687.733,3505650,60,59.716,4.081,292179,35604,245.061,16.746,8.206,1470.367
1688.912,3505721,60,60.261,4.205,292178,35605,237.802,16.595,8.206,1426.811
1689.948,3505780,60,56.942,3.917,292185,33781,255.282,17.562,8.649,1531.693
1691.198,3505855,60,59.975,3.990,292187,35607,250.638,16.674,8.206,1503.829
1692.444,3505930,60,60.209,4.018,292202,35608,248.884,16.609,8.206,1493.304
1693.641,3506002,60,60.136,4.283,292202,35609,233.474,16.629,8.206,1400.846
1694.653,3506062,60,59.316,3.964,292207,35610,252.257,16.859,8.206,1513.540
1695.664,3506122,60,59.361,3.967,292212,35610,252.095,16.846,8.206,1512.569
1696.843,3506193,60,60.175,4.197,292222,35610,238.283,16.618,8.206,1429.697
1698.100,3506266,60,58.088,3.925,292233,35612,254.788,17.215,8.206,1528.730
1699.123,3506326,60,58.633,3.986,292238,35613,250.852,17.055,8.206,1505.111
1700.138,3506386,60,59.153,3.976,292243,35613,251.510,16.905,8.206,1509.062
1701.141,3506446,60,59.797,3.990,292248,35613,250.641,16.723,8.206,1503.848
1702.395,3506521,60,59.824,3.986,292241,35614,250.874,16.716,8.206,1505.245
1703.614,3506594,60,59.873,3.979,292250,35616,251.348,16.702,8.206,1508.090
1704.782,3506664,60,59.945,4.276,292263,35614,233.860,16.682,8.206,1403.161
1706.005,3506737,60,59.694,3.961,292261,35617,252.485,16.752,8.206,1514.911
1707.227,3506810,60,59.731,4.092,292271,35617,244.354,16.742,8.206,1466.124
1708.496,3506884,60,58.320,4.085,292280,33791,244.770,17.147,8.650,1468.619
1709.515,3506944,60,58.892,3.916,292285,35618,255.361,16.980,8.206,1532.164
1710.519,3507004,60,59.741,3.951,292290,33793,253.097,16.739,8.649,1518.583
1711.733,3507077,60,60.136,4.196,292298,33794,238.348,16.629,8.649,1430.086
1712.949,3507150,60,60.029,4.064,292304,35620,246.075,16.658,8.206,1476.449
1714.198,3507223,60,58.455,4.029,292307,35621,248.176,17.107,8.206,1489.059
1715.405,3507283,60,49.685,3.355,292312,35621,298.071,20.127,8.206,1788.425
1716.466,3507343,60,56.549,3.915,292317,35623,255.417,17.684,8.206,1532.505
1717.605,3507403,60,52.714,3.140,292322,35622,318.497,18.970,8.206,1910.983
1718.766,3507473,60,60.276,4.298,292324,35625,232.647,16.590,8.206,1395.881
1719.980,3507545,60,59.281,4.197,292346,35625,238.294,16.869,8.206,1429.762
1720.986,3507605,60,59.685,3.993,292351,33799,250.453,16.755,8.650,1502.719
1722.000,3507665,60,59.155,3.932,292356,35626,254.316,16.905,8.206,1525.897
1723.005,3507725,60,59.704,4.000,292361,33799,250.003,16.749,8.650,1500.018
1724.013,3507785,60,59.509,3.927,292366,35627,254.631,16.804,8.206,1527.786
1725.244,3507858,60,59.335,3.975,292355,35628,251.596,16.853,8.206,1509.578
1726.247,3507918,60,59.776,4.009,292360,35629,249.430,16.729,8.206,1496.580
1727.258,3507978,60,59.346,3.988,292365,35628,250.734,16.850,8.206,1504.406
1728.489,3508051,60,59.304,4.080,292381,35629,245.095,16.862,8.206,1470.573
1729.502,3508111,60,59.236,3.984,292386,35630,251.034,16.882,8.206,1506.202
1730.518,3508171,60,59.054,3.916,292391,35630,255.355,16.934,8.206,1532.131
1731.552,3508231,60,58.024,3.983,292396,35630,251.094,17.234,8.206,1506.564
1732.733,3508302,60,60.132,4.286,292394,35632,233.338,16.630,8.206,1400.028
1733.978,3508376,60,59.421,4.013,292398,35634,249.197,16.829,8.206,1495.181
1734.986,3508436,60,59.532,3.968,292403,33807,251.989,16.798,8.649,1511.932
1736.225,3508510,60,59.725,4.080,292417,35634,245.088,16.744,8.206,1470.528
1737.235,3508570,60,59.445,3.962,292422,35636,252.400,16.822,8.206,1514.399
1738.242,3508630,60,59.561,3.961,292427,35636,252.445,16.790,8.206,1514.672
1739.282,3508690,60,57.705,3.928,292432,35637,254.568,17.329,8.206,1527.411
1740.297,3508750,60,59.095,3.867,292437,35636,258.590,16.922,8.206,1551.540
1741.535,3508824,60,59.755,4.084,292443,35638,244.841,16.735,8.206,1469.044
1742.755,3508897,60,59.841,4.143,292441,35640,241.350,16.711,8.205,1448.098
1743.758,3508957,60,59.852,3.998,292446,33810,250.151,16.708,8.650,1500.903
1744.771,3509016,60,58.248,3.915,292454,35640,255.435,17.168,8.206,1532.611
1746.018,3509089,60,58.541,3.919,292460,35639,255.186,17.082,8.206,1531.114
1747.269,3509164,60,59.916,4.019,292470,33814,248.793,16.690,8.649,1492.758
1748.279,3509224,60,59.418,3.977,292475,35640,251.476,16.830,8.206,1508.856
1749.284,3509284,60,59.714,3.992,292480,33815,250.508,16.747,8.649,1503.046
1750.292,3509344,60,59.498,3.922,292485,35642,254.957,16.807,8.206,1529.745
1751.305,3509404,60,59.261,3.950,292490,33817,253.158,16.875,8.649,1518.950
1752.313,3509464,60,59.507,3.985,292495,35643,250.944,16.805,8.206,1505.666
1753.543,3509537,60,59.383,4.177,292503,35645,239.381,16.840,8.206,1436.287
1754.557,3509597,60,59.168,3.932,292508,33818,254.304,16.901,8.649,1525.827
1755.573,3509657,60,59.042,3.961,292513,35647,252.444,16.937,8.206,1514.664
1756.580,3509717,60,59.578,3.971,292518,33819,251.852,16.785,8.650,1511.115
1757.593,3509777,60,59.244,3.958,292523,35647,252.627,16.879,8.206,1515.761
1758.840,3509851,60,59.316,4.079,292531,35648,245.172,16.859,8.206,1471.034
1759.868,3509911,60,58.378,3.964,292536,35649,252.249,17.130,8.206,1513.497
1760.879,3509971,60,59.356,3.920,292541,35649,255.122,16.847,8.206,1530.731
1761.883,3510031,60,59.735,3.968,292546,35649,252.035,16.741,8.206,1512.208
1762.896,3510091,60,59.227,3.928,292551,35650,254.593,16.884,8.206,1527.557
1763.906,3510151,60,59.428,3.927,292556,35651,254.669,16.827,8.206,1528.017
1765.122,3510224,60,60.036,4.095,292559,35652,244.190,16.657,8.206,1465.143
1766.365,3510298,60,59.518,4.029,292559,35652,248.217,16.802,8.206,1489.300
1767.381,3510358,60,59.050,3.927,292564,35653,254.670,16.935,8.206,1528.019
1768.597,3510431,60,60.069,4.184,292576,35654,239.014,16.647,8.206,1434.087
1769.853,3510505,60,58.878,3.928,292576,35653,254.603,16.984,8.206,1527.619
1770.862,3510565,60,59.482,3.991,292581,33827,250.587,16.812,8.649,1503.522
1771.868,3510625,60,59.641,3.958,292586,35655,252.636,16.767,8.206,1515.818
1772.876,3510685,60,59.546,3.955,292591,33829,252.830,16.794,8.649,1516.977
1773.877,3510745,60,59.930,3.982,292596,35656,251.110,16.686,8.206,1506.661
1774.880,3510805,60,59.805,3.968,292601,33829,252.008,16.721,8.649,1512.050
1775.888,3510865,60,59.507,3.999,292606,35658,250.074,16.805,8.206,1500.443
1777.114,3510938,60,59.574,3.973,292613,35661,251.711,16.786,8.205,1510.264
1778.343,3511012,60,60.181,4.113,292628,33830,243.141,16.617,8.650,1458.847
1779.535,3511083,60,59.608,4.176,292629,35660,239.443,16.776,8.206,1436.655
1780.544,3511143,60,59.457,3.958,292634,35662,252.685,16.819,8.206,1516.108
1781.548,3511203,60,59.740,3.955,292639,35662,252.842,16.739,8.206,1517.054
1782.548,3511263,60,59.989,4.000,292644,35662,250.028,16.670,8.206,1500.169
1783.556,3511323,60,59.556,3.960,292649,35662,252.510,16.791,8.206,1515.058
1784.563,3511383,60,59.588,3.952,292654,35664,253.027,16.782,8.206,1518.160
1785.598,3511443,60,57.974,3.770,292659,35664,265.233,17.249,8.206,1591.400
1786.843,3511517,60,59.399,3.940,292668,33836,253.822,16.835,8.650,1522.931
1787.884,3511577,60,57.661,3.839,292673,35665,260.473,17.343,8.206,1562.836
1788.885,3511637,60,59.920,3.971,292678,33838,251.817,16.689,8.649,1510.901
1789.903,3511697,60,58.938,3.894,292683,35667,256.787,16.967,8.206,1540.724
1790.906,3511757,60,59.819,3.997,292688,33839,250.213,16.717,8.649,1501.280
1791.909,3511817,60,59.851,3.999,292693,35667,250.037,16.708,8.206,1500.220
1792.918,3511877,60,59.449,3.968,292698,33840,252.008,16.821,8.649,1512.050
1794.167,3511951,60,59.242,4.057,292706,35669,246.471,16.880,8.206,1478.829
1795.407,3512025,60,59.708,3.975,292716,35669,251.563,16.748,8.206,1509.379
1796.415,3512085,60,59.494,3.918,292721,33841,255.210,16.808,8.650,1531.258
1797.621,3512157,60,59.722,4.272,292711,33843,234.103,16.744,8.649,1404.619
1798.716,3512217,60,54.778,3.667,292716,35673,272.689,18.256,8.206,1636.132
1799.902,3512277,60,50.599,3.316,292721,33844,301.570,19.763,8.649,1809.422
1800.964,3512337,60,56.474,3.996,292726,35673,250.238,17.707,8.206,1501.426
1802.035,3512397,60,56.028,3.972,292731,33845,251.752,17.848,8.649,1510.515
1803.260,3512470,60,59.616,3.984,292747,35675,251.024,16.774,8.206,1506.141
1804.267,3512530,60,59.556,3.968,292752,35676,251.995,16.791,8.206,1511.968
1805.513,3512605,60,60.208,4.018,292751,33846,248.895,16.609,8.650,1493.371
1806.751,3512679,60,59.759,4.021,292758,35677,248.695,16.734,8.206,1492.168
1807.765,3512739,60,59.203,3.983,292763,35679,251.066,16.891,8.205,1506.396
1808.771,3512799,60,59.588,3.955,292768,35677,252.821,16.782,8.206,1516.929
1809.783,3512859,60,59.307,3.967,292773,35679,252.087,16.861,8.206,1512.521
1810.796,3512919,60,59.238,3.943,292778,35679,253.590,16.881,8.206,1521.541
1812.038,3512993,60,59.572,3.940,292784,35682,253.825,16.787,8.205,1522.952
1813.257,3513066,60,59.882,4.208,292794,35679,237.651,16.699,8.206,1425.907
1814.482,3513139,60,59.601,3.999,292792,35681,250.057,16.778,8.206,1500.341
1815.700,3513212,60,59.925,3.991,292811,33853,250.559,16.688,8.649,1503.355
1816.702,3513272,60,59.915,3.999,292816,35682,250.074,16.690,8.206,1500.444
1817.719,3513332,60,58.985,3.953,292821,33853,252.964,16.953,8.650,1517.785
1818.730,3513392,60,59.360,3.920,292826,35683,255.130,16.846,8.206,1530.782
1819.739,3513452,60,59.447,3.957,292831,33855,252.730,16.822,8.650,1516.377
1820.756,3513512,60,59.017,3.996,292836,35685,250.275,16.944,8.206,1501.649
1821.768,3513572,60,59.264,3.926,292841,33855,254.687,16.874,8.650,1528.121
1823.009,3513646,60,59.635,3.937,292848,35686,254.001,16.769,8.206,1524.006
1824.230,3513719,60,59.803,4.173,292839,35687,239.645,16.721,8.206,1437.870
1825.470,3513793,60,59.645,4.051,292856,35687,246.871,16.766,8.206,1481.228
1826.476,3513853,60,59.648,3.981,292861,33858,251.187,16.765,8.650,1507.119
1827.713,3513927,60,59.856,4.081,292864,35689,245.027,16.707,8.206,1470.162
1828.965,3514001,60,59.089,3.961,292868,35690,252.477,16.924,8.206,1514.862
1829.977,3514061,60,59.254,3.965,292873,33861,252.182,16.876,8.649,1513.092
1831.012,3514121,60,57.976,3.983,292878,35690,251.058,17.249,8.206,1506.348
1832.014,3514181,60,59.909,3.975,292883,33862,251.578,16.692,8.649,1509.470
1833.246,3514255,60,60.053,4.084,292887,35693,244.841,16.652,8.206,1469.049
1834.491,3514329,60,59.464,3.998,292899,35693,250.152,16.817,8.206,1500.910
1835.500,3514389,60,59.468,3.994,292904,33863,250.382,16.816,8.650,1502.293
1836.505,3514449,60,59.653,3.963,292909,35695,252.303,16.764,8.206,1513.819
1837.748,3514523,60,59.537,4.071,292910,35697,245.649,16.796,8.205,1473.893
1838.751,3514583,60,59.823,3.995,292915,35695,250.291,16.716,8.206,1501.747
1839.764,3514643,60,59.252,3.918,292920,35697,255.260,16.877,8.206,1531.558
1840.772,3514703,60,59.493,3.930,292925,35697,254.440,16.809,8.206,1526.639
1841.782,3514763,60,59.406,3.973,292930,35699,251.704,16.833,8.206,1510.226
1842.787,3514823,60,59.752,3.974,292935,35698,251.661,16.736,8.206,1509.967
1843.794,3514883,60,59.577,3.974,292940,35699,251.615,16.785,8.206,1509.688
1845.031,3514957,60,59.810,3.981,292946,33868,251.208,16.720,8.650,1507.249
1846.040,3515017,60,59.456,3.955,292951,35702,252.868,16.819,8.205,1517.210
1847.274,3515091,60,59.978,4.079,292963,35701,245.139,16.673,8.206,1470.831
1848.518,3515165,60,59.479,3.985,292981,33871,250.957,16.813,8.650,1505.742
1849.519,3515225,60,59.941,3.994,292986,35703,250.381,16.683,8.206,1502.289
1850.762,3515299,60,59.520,4.044,292972,35704,247.296,16.801,8.206,1483.775
1851.765,3515359,60,59.832,3.998,292977,35704,250.139,16.714,8.206,1500.833
1852.766,3515419,60,59.966,3.987,292982,35704,250.830,16.676,8.206,1504.983
1853.782,3515479,60,59.017,3.960,292987,35706,252.555,16.944,8.206,1515.333
1854.783,3515539,60,59.949,3.986,292992,35706,250.902,16.681,8.206,1505.414
1856.012,3515612,60,59.382,3.902,293011,33875,256.292,16.840,8.650,1537.750
1857.229,3515685,60,59.991,4.205,293021,33876,237.815,16.669,8.650,1426.891
1858.441,3515755,60,57.761,3.894,293012,35710,256.796,17.313,8.205,1540.775
1859.446,3515815,60,59.729,3.980,293017,35709,251.247,16.742,8.206,1507.483
1860.464,3515875,60,58.948,3.984,293022,35710,250.991,16.964,8.206,1505.944
1861.479,3515935,60,59.096,3.989,293027,35710,250.659,16.922,8.206,1503.957
1862.485,3515995,60,59.618,3.988,293032,35712,250.766,16.773,8.205,1504.598
1863.490,3516055,60,59.711,3.994,293037,35712,250.403,16.747,8.206,1502.419
1864.495,3516115,60,59.699,3.987,293042,35713,250.833,16.751,8.205,1504.997
1865.496,3516175,60,59.935,3.962,293047,35712,252.429,16.685,8.206,1514.573
1866.506,3516235,60,59.437,3.980,293052,35714,251.262,16.824,8.206,1507.573
1867.508,3516295,60,59.851,3.997,293057,35714,250.212,16.708,8.206,1501.274
1868.510,3516355,60,59.888,3.989,293062,35715,250.692,16.698,8.206,1504.152
1869.517,3516415,60,59.583,3.996,293067,35714,250.275,16.783,8.206,1501.652
1870.521,3516475,60,59.750,3.983,293072,35716,251.076,16.736,8.206,1506.456
1871.539,3516535,60,58.974,3.990,293077,35716,250.609,16.957,8.206,1503.657
1872.759,3516608,60,59.820,3.978,293092,35717,251.362,16.717,8.206,1508.173
1873.765,3516668,60,59.637,3.952,293097,33884,253.039,16.768,8.650,1518.237
1874.777,3516728,60,59.275,3.987,293102,35718,250.796,16.871,8.206,1504.776
1875.789,3516788,60,59.324,3.925,293107,33886,254.780,16.857,8.650,1528.679
1876.794,3516848,60,59.692,3.985,293112,35720,250.953,16.753,8.206,1505.721
1877.809,3516908,60,59.103,3.946,293117,33886,253.392,16.920,8.650,1520.349
1879.014,3516980,60,59.730,4.089,293111,33888,244.576,16.742,8.649,1467.457
1880.025,3517040,60,59.353,3.945,293116,35721,253.475,16.848,8.206,1520.848
1881.042,3517100,60,59.025,3.883,293121,33890,257.537,16.942,8.649,1545.221
1882.050,3517160,60,59.513,3.963,293126,35721,252.350,16.803,8.206,1514.099
1883.230,3517220,60,50.838,3.410,293131,33891,293.294,19.670,8.649,1759.762
1884.328,3517280,60,54.677,3.580,293136,35723,279.354,18.289,8.206,1676.126
1885.488,3517340,60,51.689,3.302,293141,33893,302.892,19.347,8.649,1817.352
1886.544,3517400,60,56.867,3.777,293146,35724,264.776,17.585,8.206,1588.658
1887.553,3517460,60,59.433,3.972,293151,33893,251.763,16.826,8.649,1510.575
1888.562,3517520,60,59.489,3.996,293156,35726,250.232,16.810,8.206,1501.395
1889.577,3517580,60,59.107,3.918,293161,33895,255.203,16.919,8.649,1531.219
1890.587,3517640,60,59.411,3.977,293166,35727,251.475,16.832,8.206,1508.851
1891.610,3517700,60,58.641,3.991,293171,33895,250.563,17.053,8.649,1503.380
1892.627,3517760,60,58.992,3.911,293176,35729,255.668,16.951,8.206,1534.010
1893.637,3517820,60,59.380,3.944,293181,33897,253.580,16.841,8.649,1521.480
1894.881,3517894,60,59.482,4.085,293195,35730,244.778,16.812,8.206,1468.671
1895.890,3517954,60,59.515,3.951,293200,35729,253.101,16.802,8.206,1518.606
1896.899,3518014,60,59.448,3.973,293205,35732,251.708,16.821,8.206,1510.249
1897.911,3518074,60,59.265,3.921,293210,35731,255.040,16.873,8.206,1530.239
1899.149,3518148,60,59.769,4.080,293213,33900,245.110,16.731,8.649,1470.662
1900.158,3518208,60,59.514,3.983,293218,35732,251.042,16.803,8.206,1506.251
1901.177,3518268,60,58.833,3.856,293223,33902,259.332,16.997,8.649,1555.990
1902.182,3518328,60,59.739,3.973,293228,35734,251.726,16.740,8.206,1510.356
1903.197,3518388,60,59.119,3.956,293233,33903,252.784,16.915,8.649,1516.702
1904.438,3518462,60,59.612,4.061,293239,35735,246.221,16.775,8.206,1477.328
1905.444,3518522,60,59.634,3.996,293244,35735,250.224,16.769,8.206,1501.341
1906.681,3518596,60,59.812,3.977,293251,33905,251.458,16.719,8.649,1508.748
1907.882,3518668,60,59.952,4.283,293260,33905,233.454,16.680,8.649,1400.724
1908.891,3518728,60,59.501,3.984,293265,35737,251.023,16.806,8.206,1506.138
1909.904,3518788,60,59.228,3.998,293270,33906,250.113,16.884,8.650,1500.676
1911.152,3518862,60,59.262,3.911,293274,35740,255.703,16.874,8.206,1534.219
1912.159,3518922,60,59.592,3.975,293279,35739,251.570,16.781,8.206,1509.423
1913.192,3518981,60,57.104,3.870,293283,33908,258.402,17.512,8.649,1550.413
1914.205,3519041,60,59.255,3.935,293288,35741,254.102,16.876,8.206,1524.612
1915.214,3519101,60,59.485,3.931,293293,33910,254.364,16.811,8.649,1526.182
1916.231,3519161,60,58.992,3.922,293298,35742,254.971,16.951,8.206,1529.827
1917.236,3519221,60,59.683,3.982,293303,33910,251.157,16.755,8.649,1506.942
1918.247,3519281,60,59.348,3.951,293308,35743,253.085,16.850,8.206,1518.508
1919.253,3519341,60,59.674,3.980,293313,33912,251.239,16.758,8.649,1507.436
1920.256,3519401,60,59.798,3.999,293318,35745,250.079,16.723,8.206,1500.473
1921.506,3519475,60,59.219,4.033,293322,35746,247.962,16.886,8.206,1487.773
1922.507,3519535,60,59.890,3.994,293327,35746,250.396,16.697,8.206,1502.374
1923.513,3519595,60,59.688,3.990,293332,35749,250.638,16.754,8.205,1503.826
1924.526,3519655,60,59.220,3.947,293337,35748,253.356,16.886,8.206,1520.138
1925.773,3519730,60,60.142,3.985,293352,35748,250.912,16.627,8.206,1505.475
1926.777,3519790,60,59.748,3.984,293357,35748,251.023,16.737,8.206,1506.140
1927.790,3519850,60,59.219,3.919,293362,35751,255.182,16.887,8.206,1531.091
1929.011,3519923,60,59.800,3.986,293360,35751,250.869,16.722,8.206,1505.213
1930.013,3519983,60,59.851,3.948,293365,35750,253.272,16.708,8.206,1519.633
1931.230,3520055,60,59.179,4.145,293373,35752,241.227,16.898,8.206,1447.360
1932.244,3520115,60,59.198,3.979,293378,35751,251.297,16.892,8.206,1507.780
1933.252,3520175,60,59.476,3.976,293383,35754,251.529,16.813,8.206,1509.173
1934.266,3520235,60,59.225,3.989,293388,35751,250.704,16.885,8.206,1504.223
1935.493,3520308,60,59.485,4.172,293393,33921,239.715,16.811,8.649,1438.289
1936.499,3520368,60,59.633,3.965,293398,35754,252.177,16.769,8.206,1513.060
1937.508,3520428,60,59.484,3.983,293403,33923,251.098,16.811,8.649,1506.590
1938.754,3520503,60,60.167,3.992,293414,35755,250.526,16.620,8.206,1503.154
1939.995,3520577,60,59.623,3.967,293423,35757,252.048,16.772,8.206,1512.288
1941.251,3520651,60,58.931,3.915,293431,35758,255.429,16.969,8.206,1532.575
1942.253,3520711,60,59.894,3.998,293436,35757,250.113,16.696,8.206,1500.679
1943.271,3520771,60,58.894,3.998,293441,35758,250.104,16.980,8.206,1500.625
1944.281,3520831,60,59.460,3.966,293446,35759,252.144,16.818,8.206,1512.867
1945.503,3520904,60,59.727,3.999,293449,35761,250.059,16.743,8.206,1500.356
1946.518,3520964,60,59.129,3.929,293454,33926,254.542,16.912,8.650,1527.252
1947.756,3521038,60,59.737,4.065,293454,35761,245.981,16.740,8.206,1475.886
1948.803,3521098,60,57.328,3.670,293459,35762,272.465,17.443,8.206,1634.790
1949.811,3521158,60,59.498,3.958,293464,35763,252.674,16.807,8.206,1516.045
1950.819,3521218,60,59.529,3.970,293469,35763,251.857,16.798,8.206,1511.145
1951.830,3521278,60,59.364,3.980,293474,35763,251.285,16.845,8.206,1507.707
1952.835,3521338,60,59.708,3.975,293479,35764,251.546,16.748,8.206,1509.278
1953.838,3521398,60,59.820,3.989,293484,35765,250.667,16.717,8.206,1504.002
1954.843,3521458,60,59.696,3.990,293489,35766,250.600,16.752,8.206,1503.602
1956.055,3521530,60,59.414,4.015,293502,35766,249.058,16.831,8.206,1494.348
1957.071,3521590,60,59.044,3.887,293507,35766,257.254,16.937,8.206,1543.524
1958.085,3521650,60,59.168,3.978,293512,35768,251.406,16.901,8.206,1508.435
1959.154,3521710,60,56.133,3.549,293517,35768,281.736,17.815,8.206,1690.417
1960.346,3521770,60,50.348,3.310,293522,35768,302.133,19.862,8.206,1812.796
1961.415,3521830,60,56.110,3.902,293527,35769,256.276,17.822,8.206,1537.659
1962.569,3521890,60,52.014,3.663,293532,35770,272.987,19.226,8.206,1637.920
1963.593,3521950,60,58.585,3.855,293537,35771,259.424,17.069,8.206,1556.545
1964.610,3522010,60,59.000,3.893,293542,35771,256.885,16.949,8.206,1541.308
1965.626,3522070,60,59.023,3.926,293547,35771,254.732,16.943,8.206,1528.390
1966.639,3522130,60,59.225,3.920,293552,35773,255.113,16.885,8.206,1530.680
1967.643,3522190,60,59.795,3.995,293557,35773,250.338,16.724,8.206,1502.028
1968.664,3522250,60,58.729,3.942,293562,35774,253.658,17.027,8.206,1521.947
1969.682,3522310,60,58.939,3.919,293567,35773,255.187,16.967,8.206,1531.124
1970.693,3522370,60,59.355,3.945,293572,35776,253.472,16.848,8.206,1520.833
1971.743,3522430,60,57.149,3.822,293577,35775,261.621,17.498,8.206,1569.725
1972.757,3522490,60,59.168,3.956,293582,35777,252.773,16.901,8.206,1516.641
1973.782,3522550,60,58.519,3.955,293587,35775,252.846,17.089,8.206,1517.078
1974.798,3522610,60,59.077,3.971,293592,35778,251.802,16.927,8.206,1510.815
1975.815,3522670,60,59.008,3.919,293597,35777,255.183,16.947,8.206,1531.101
1976.829,3522730,60,59.179,3.974,293602,35780,251.644,16.898,8.206,1509.867
1977.840,3522790,60,59.342,3.946,293607,35777,253.409,16.852,8.207,1520.456
1978.859,3522850,60,58.885,3.945,293612,35781,253.480,16.982,8.206,1520.879
1979.874,3522910,60,59.114,3.933,293617,35779,254.275,16.917,8.206,1525.651
1980.878,3522970,60,59.757,3.986,293622,35783,250.854,16.734,8.206,1505.122
1981.901,3523030,60,58.653,3.920,293627,35780,255.103,17.049,8.206,1530.617
1982.904,3523090,60,59.808,3.992,293632,35783,250.480,16.720,8.206,1502.882
1983.915,3523150,60,59.369,3.910,293637,35782,255.769,16.844,8.206,1534.615
1985.157,3523224,60,59.560,3.990,293643,35785,250.647,16.790,8.206,1503.879
1986.162,3523284,60,59.720,3.980,293648,33949,251.281,16.745,8.650,1507.686
1987.175,3523344,60,59.207,3.958,293653,35785,252.666,16.890,8.206,1515.994
1988.184,3523404,60,59.461,3.983,293658,33950,251.067,16.818,8.650,1506.403
1989.197,3523464,60,59.218,3.950,293663,35787,253.168,16.887,8.206,1519.009
1990.226,3523524,60,58.359,3.858,293668,33951,259.202,17.135,8.650,1555.213
1991.447,3523597,60,59.767,4.098,293666,33951,244.035,16.732,8.650,1464.210
1992.459,3523657,60,59.291,3.993,293671,35789,250.461,16.866,8.206,1502.764
1993.709,3523732,60,59.984,4.005,293688,33954,249.664,16.671,8.650,1497.985
1994.723,3523792,60,59.217,3.951,293693,35791,253.128,16.887,8.206,1518.766
1995.732,3523852,60,59.458,3.977,293698,33954,251.424,16.819,8.650,1508.543
1996.734,3523912,60,59.865,3.989,293703,35792,250.680,16.704,8.206,1504.082
1997.739,3523972,60,59.699,3.989,293708,33956,250.703,16.751,8.650,1504.218
1998.753,3524032,60,59.195,3.952,293713,35793,253.049,16.893,8.206,1518.292
1999.997,3524106,60,59.468,4.057,293714,35792,246.489,16.816,8.206,1478.932
2001.007,3524166,60,59.410,3.965,293719,35794,252.226,16.832,8.206,1513.357
2002.017,3524226,60,59.379,3.937,293724,35794,254.015,16.841,8.206,1524.092
2003.026,3524286,60,59.461,3.984,293729,35795,251.009,16.818,8.206,1506.054
2004.045,3524346,60,58.913,3.943,293734,35794,253.631,16.974,8.206,1521.784
2005.055,3524406,60,59.379,3.961,293739,35796,252.430,16.841,8.206,1514.582
2006.068,3524466,60,59.249,3.964,293744,35796,252.265,16.878,8.206,1513.588
2007.073,3524526,60,59.689,3.978,293749,35798,251.413,16.754,8.206,1508.477
2008.083,3524586,60,59.412,3.930,293754,35796,254.481,16.832,8.206,1526.884
2009.331,3524660,60,59.316,4.038,293751,33962,247.635,16.859,8.649,1485.810
2010.340,3524720,60,59.426,3.953,293756,35799,252.953,16.828,8.206,1517.715
2011.346,3524780,60,59.632,3.953,293761,33964,252.967,16.769,8.649,1517.803
2012.373,3524840,60,58.438,3.967,293766,35799,252.079,17.112,8.206,1512.476
2013.386,3524900,60,59.239,3.951,293771,33965,253.075,16.881,8.649,1518.451
2014.394,3524960,60,59.551,3.951,293776,35801,253.115,16.792,8.206,1518.691
2015.639,3525034,60,59.440,4.046,293790,35802,247.146,16.824,8.206,1482.873
2016.646,3525094,60,59.540,3.938,293795,35802,253.929,16.795,8.206,1523.576
2017.888,3525168,60,59.588,3.980,293798,35803,251.256,16.782,8.206,1507.535
2018.892,3525228,60,59.768,3.989,293803,33969,250.670,16.731,8.649,1504.023
2019.909,3525288,60,59.009,3.920,293808,35805,255.090,16.947,8.206,1530.540
2020.918,3525348,60,59.439,3.977,293813,33969,251.439,16.824,8.649,1508.635
2021.943,3525408,60,58.525,3.952,293818,35806,253.055,17.087,8.206,1518.330
2022.958,3525468,60,59.125,3.909,293823,33971,255.828,16.913,8.649,1534.969
2023.973,3525528,60,59.110,3.904,293828,35808,256.143,16.918,8.206,1536.858
2024.988,3525588,60,59.157,3.970,293833,33972,251.907,16.904,8.649,1511.441
2025.997,3525648,60,59.410,3.979,293838,35808,251.316,16.832,8.206,1507.895
2027.015,3525708,60,58.982,3.949,293843,33973,253.230,16.954,8.649,1519.378
2028.029,3525768,60,59.125,3.942,293848,35810,253.686,16.913,8.206,1522.113
2029.037,3525828,60,59.579,3.995,293853,33974,250.333,16.785,8.649,1501.996
2030.264,3525901,60,59.491,3.981,293856,33974,251.195,16.809,8.649,1507.170
2031.281,3525961,60,58.980,3.939,293861,35811,253.895,16.955,8.206,1523.369
2032.300,3526021,60,58.860,3.932,293866,33976,254.334,16.990,8.649,1526.005
2033.321,3526081,60,58.808,3.881,293871,35812,257.691,17.005,8.206,1546.145
2034.329,3526141,60,59.503,3.968,293876,33976,252.032,16.806,8.650,1512.193
2035.333,3526201,60,59.765,3.977,293881,35813,251.447,16.732,8.206,1508.679
2036.357,3526261,60,58.599,3.915,293886,33978,255.414,17.065,8.649,1532.485
2037.368,3526321,60,59.362,3.984,293891,35815,250.975,16.846,8.206,1505.849
2038.376,3526381,60,59.495,3.974,293896,33978,251.653,16.808,8.650,1509.916
2039.420,3526441,60,57.499,3.987,293901,35816,250.792,17.392,8.206,1504.753
2040.439,3526501,60,58.836,3.950,293906,33981,253.168,16.996,8.649,1519.007
2041.657,3526574,60,59.955,4.195,293915,35818,238.404,16.679,8.206,1430.423
2042.679,3526634,60,58.729,3.877,293920,35817,257.951,17.027,8.206,1547.707
2043.907,3526707,60,59.438,4.021,293929,35819,248.725,16.824,8.206,1492.351
2044.920,3526767,60,59.211,3.995,293934,35819,250.308,16.889,8.206,1501.851
2045.936,3526827,60,59.044,3.992,293939,35821,250.510,16.936,8.206,1503.061
2046.958,3526887,60,58.743,3.919,293944,35819,255.188,17.023,8.206,1531.127
2048.189,3526961,60,60.108,4.127,293948,35821,242.333,16.637,8.206,1454.000
2049.433,3527035,60,59.497,3.962,293952,35824,252.383,16.808,8.205,1514.298
2050.445,3527095,60,59.281,3.941,293957,35823,253.730,16.869,8.206,1522.378
2051.454,3527155,60,59.457,3.937,293962,35824,254.024,16.819,8.206,1524.143
2052.468,3527215,60,59.188,3.902,293967,35824,256.258,16.895,8.206,1537.550
2053.479,3527275,60,59.335,3.919,293972,35827,255.155,16.854,8.205,1530.928
2054.490,3527335,60,59.304,3.942,293977,35826,253.710,16.862,8.206,1522.259
2055.508,3527395,60,58.975,3.931,293982,35827,254.370,16.956,8.206,1526.222
2056.516,3527455,60,59.531,3.954,293987,35827,252.925,16.798,8.206,1517.551
2057.526,3527515,60,59.404,3.952,293992,35829,253.040,16.834,8.205,1518.239
2058.537,3527575,60,59.320,3.964,293997,35829,252.270,16.858,8.206,1513.618
2059.545,3527635,60,59.554,3.982,294002,35830,251.150,16.792,8.205,1506.899
2060.767,3527708,60,59.737,4.176,294017,33991,239.452,16.740,8.650,1436.713
2061.773,3527768,60,59.617,3.960,294022,35831,252.550,16.774,8.206,1515.300
2062.793,3527828,60,58.830,3.884,294027,33993,257.473,16.998,8.650,1544.839
2063.796,3527888,60,59.823,3.985,294032,35832,250.966,16.716,8.206,1505.794
2064.809,3527948,60,59.233,3.922,294037,33993,254.981,16.882,8.650,1529.887
2065.816,3528008,60,59.564,3.952,294042,35833,253.044,16.789,8.206,1518.264
2067.024,3528080,60,59.612,4.049,294036,35834,246.970,16.775,8.206,1481.820
2068.030,3528140,60,59.650,3.993,294041,33996,250.456,16.764,8.649,1502.738
2069.057,3528200,60,58.430,3.792,294046,35834,263.698,17.115,8.206,1582.190
2070.106,3528260,60,57.206,3.713,294051,33997,269.355,17.481,8.649,1616.127
2071.116,3528320,60,59.360,3.955,294056,35836,252.834,16.846,8.206,1517.003
2072.129,3528380,60,59.246,3.949,294061,33998,253.227,16.879,8.649,1519.364
2073.148,3528440,60,58.897,3.950,294066,35836,253.163,16.979,8.206,1518.976
2074.159,3528500,60,59.349,3.968,294071,33999,252.018,16.850,8.649,1512.109
2075.165,3528560,60,59.628,3.978,294076,35838,251.377,16.771,8.206,1508.263
2076.408,3528634,60,59.532,4.084,294090,35838,244.834,16.798,8.206,1469.005
2077.415,3528694,60,59.573,3.951,294095,35839,253.094,16.786,8.206,1518.564
2078.654,3528768,60,59.727,4.074,294098,35840,245.440,16.743,8.206,1472.641
2079.664,3528828,60,59.407,3.961,294103,34004,252.439,16.833,8.649,1514.636
2080.673,3528888,60,59.500,3.944,294108,35841,253.526,16.807,8.206,1521.159
2081.683,3528948,60,59.380,3.935,294113,34004,254.102,16.841,8.649,1524.610
2082.705,3529008,60,58.701,3.837,294118,35842,260.624,17.036,8.206,1563.744
2083.713,3529068,60,59.519,3.941,294123,34006,253.722,16.801,8.649,1522.335
2084.717,3529128,60,59.750,3.982,294128,35844,251.137,16.736,8.206,1506.823
2085.953,3529202,60,59.874,3.973,294134,35843,251.712,16.702,8.206,1510.273
2087.174,3529275,60,59.795,4.071,294145,35845,245.665,16.724,8.206,1473.990
2088.182,3529335,60,59.538,3.962,294150,35846,252.373,16.796,8.206,1514.239
2089.202,3529395,60,58.848,3.939,294155,35847,253.902,16.993,8.206,1523.412
2090.218,3529455,60,59.050,3.922,294160,35846,254.997,16.935,8.206,1529.981
2091.221,3529515,60,59.812,4.008,294165,35848,249.503,16.719,8.206,1497.016
2092.480,3529589,60,58.792,3.882,294178,34010,257.593,17.009,8.650,1545.560
2093.507,3529649,60,58.411,3.900,294183,35849,256.405,17.120,8.206,1538.431
2094.513,3529709,60,59.625,3.960,294188,34010,252.506,16.771,8.650,1515.035
2095.764,3529783,60,59.157,4.049,294187,35850,246.995,16.904,8.206,1481.973
2096.780,3529843,60,59.046,3.935,294192,35850,254.119,16.936,8.206,1524.713
2097.783,3529903,60,59.824,3.996,294197,35852,250.269,16.716,8.206,1501.615
2098.800,3529963,60,59.014,3.916,294202,35850,255.337,16.945,8.206,1532.020
2099.810,3530023,60,59.415,3.938,294207,35853,253.921,16.831,8.206,1523.527
2101.044,3530097,60,59.948,4.059,294206,35853,246.377,16.681,8.206,1478.263
2102.271,3530170,60,59.489,3.982,294222,35855,251.131,16.810,8.206,1506.786
2103.287,3530230,60,59.036,3.989,294227,35853,250.681,16.939,8.206,1504.087
2104.293,3530290,60,59.658,3.992,294232,35856,250.472,16.762,8.206,1502.835
2105.306,3530350,60,59.254,3.952,294237,35855,253.042,16.876,8.206,1518.249
2106.324,3530410,60,58.913,3.925,294242,35858,254.796,16.974,8.206,1528.774
2107.545,3530483,60,59.785,4.095,294240,35857,244.188,16.727,8.206,1465.125
2108.787,3530557,60,59.598,4.051,294246,34019,246.841,16.779,8.649,1481.044
2109.799,3530617,60,59.304,3.985,294251,35860,250.923,16.862,8.206,1505.536
2110.811,3530677,60,59.285,3.933,294256,34020,254.242,16.868,8.650,1525.451
2111.822,3530737,60,59.315,3.975,294261,35860,251.550,16.859,8.206,1509.300
2113.037,3530809,60,59.276,3.951,294270,35860,253.114,16.870,8.206,1518.686
2114.048,3530869,60,59.361,3.949,294275,34023,253.260,16.846,8.649,1519.563
2115.056,3530929,60,59.507,4.000,294280,35862,250.031,16.805,8.206,1500.185
2116.075,3530989,60,58.893,3.920,294285,34023,255.086,16.980,8.650,1530.518
2117.082,3531049,60,59.579,3.974,294290,35863,251.645,16.784,8.206,1509.868
2118.099,3531109,60,58.961,3.955,294295,34026,252.839,16.960,8.649,1517.036
2119.117,3531169,60,58.991,3.930,294300,35865,254.449,16.952,8.206,1526.696
2120.122,3531229,60,59.675,3.999,294305,34026,250.089,16.758,8.649,1500.536
2121.131,3531289,60,59.464,3.998,294310,35865,250.110,16.817,8.206,1500.659
2122.136,3531349,60,59.697,3.988,294315,34028,250.753,16.751,8.649,1504.520
2123.151,3531409,60,59.127,3.923,294320,35867,254.913,16.913,8.206,1529.477
2124.164,3531469,60,59.246,3.936,294325,34029,254.087,16.879,8.649,1524.525
2125.171,3531529,60,59.583,3.990,294330,35867,250.650,16.783,8.206,1503.903
2126.184,3531589,60,59.202,3.963,294335,34030,252.306,16.891,8.649,1513.838
2127.197,3531649,60,59.219,3.951,294340,35869,253.126,16.887,8.206,1518.755
2128.208,3531709,60,59.353,3.969,294345,34031,251.939,16.848,8.649,1511.636
2129.217,3531769,60,59.464,3.991,294350,35869,250.588,16.817,8.206,1503.525
2130.257,3531829,60,57.682,3.977,294355,34032,251.453,17.336,8.649,1508.717
2131.271,3531889,60,59.167,3.960,294360,35871,252.511,16.901,8.206,1515.066
2132.285,3531949,60,59.205,3.957,294365,34034,252.704,16.890,8.649,1516.222
2133.301,3532009,60,59.074,3.984,294370,35871,251.008,16.928,8.206,1506.050
2134.314,3532069,60,59.189,3.975,294375,34035,251.576,16.895,8.649,1509.458
2135.321,3532129,60,59.589,3.969,294380,35873,251.934,16.781,8.206,1511.605
2136.561,3532203,60,59.701,4.060,294389,35875,246.307,16.750,8.206,1477.843
2137.570,3532263,60,59.425,3.980,294394,35874,251.245,16.828,8.206,1507.468
2138.588,3532323,60,58.955,3.885,294399,35876,257.381,16.962,8.206,1544.284
2139.598,3532383,60,59.384,3.973,294404,35876,251.707,16.840,8.206,1510.241
2140.605,3532443,60,59.597,3.991,294409,35878,250.543,16.779,8.206,1503.255
2141.610,3532503,60,59.723,3.970,294414,35877,251.904,16.744,8.206,1511.422
2142.630,3532563,60,58.803,3.944,294419,35878,253.546,17.006,8.206,1521.277
2143.645,3532623,60,59.146,3.947,294424,35879,253.358,16.907,8.206,1520.146
2144.658,3532683,60,59.179,3.921,294429,35880,255.043,16.898,8.206,1530.259
2145.660,3532743,60,59.905,3.996,294434,35880,250.230,16.693,8.206,1501.379
2146.910,3532817,60,59.215,3.901,294443,35881,256.351,16.887,8.206,1538.106
2147.920,3532877,60,59.412,3.970,294448,34042,251.871,16.832,8.650,1511.226
2148.937,3532937,60,58.960,3.979,294453,35883,251.304,16.961,8.206,1507.822
2149.950,3532997,60,59.245,3.938,294458,34043,253.949,16.879,8.650,1523.691
2150.967,3533057,60,58.976,3.959,294463,35883,252.565,16.956,8.206,1515.392
2151.981,3533117,60,59.206,3.958,294468,34045,252.636,16.890,8.649,1515.814
2153.012,3533177,60,58.213,3.803,294473,35885,262.953,17.178,8.206,1577.717
2154.019,3533237,60,59.531,3.992,294478,34046,250.482,16.798,8.649,1502.895
2155.033,3533297,60,59.192,3.940,294483,35885,253.791,16.894,8.206,1522.748
2156.050,3533357,60,59.000,3.925,294488,34047,254.762,16.949,8.649,1528.573
2157.135,3533417,60,55.286,3.473,294493,35888,287.902,18.088,8.206,1727.410
2158.330,3533477,60,50.214,3.379,294498,34049,295.924,19.915,8.649,1775.547
2159.384,3533537,60,56.960,3.724,294503,35888,268.547,17.556,8.206,1611.284
2160.511,3533597,60,53.205,3.925,294508,34049,254.773,18.795,8.650,1528.636
2161.522,3533657,60,59.373,3.969,294513,35890,251.926,16.843,8.206,1511.558
2162.536,3533717,60,59.157,3.931,294518,34051,254.382,16.904,8.649,1526.292
2163.557,3533777,60,58.795,3.912,294523,35891,255.598,17.008,8.206,1533.588
2164.576,3533837,60,58.861,3.930,294528,34051,254.480,16.989,8.650,1526.881
2165.592,3533897,60,59.059,3.963,294533,35892,252.366,16.932,8.206,1514.194
2166.611,3533957,60,58.881,3.914,294538,34053,255.477,16.983,8.649,1532.863
2167.629,3534017,60,58.955,3.929,294543,35893,254.508,16.962,8.206,1527.047
2168.648,3534077,60,58.876,3.908,294548,34053,255.858,16.985,8.650,1535.146
2169.663,3534137,60,59.098,3.937,294553,35894,253.989,16.921,8.206,1523.933
2170.677,3534197,60,59.141,3.963,294558,34055,252.354,16.909,8.649,1514.126
2171.701,3534257,60,58.617,3.890,294563,35896,257.043,17.060,8.206,1542.257
2172.723,3534317,60,58.702,3.900,294568,34055,256.409,17.035,8.650,1538.454
2173.756,3534377,60,58.100,3.919,294573,35897,255.191,17.212,8.206,1531.145
2174.767,3534437,60,59.341,3.916,294578,34058,255.386,16.852,8.649,1532.317
2175.788,3534497,60,58.782,3.941,294583,35899,253.736,17.012,8.206,1522.418
2176.806,3534557,60,58.893,3.929,294588,34058,254.489,16.980,8.650,1526.936
2177.819,3534617,60,59.254,3.941,294593,35899,253.727,16.876,8.206,1522.364
2178.837,3534677,60,58.928,3.946,294598,34060,253.436,16.970,8.649,1520.618
2179.853,3534737,60,59.062,3.909,294603,35901,255.828,16.931,8.206,1534.966
2180.859,3534797,60,59.645,3.973,294608,34061,251.696,16.766,8.649,1510.176
2181.877,3534857,60,58.931,3.948,294613,35901,253.298,16.969,8.206,1519.788
2182.890,3534917,60,59.220,3.936,294618,34062,254.038,16.886,8.649,1524.229
2183.910,3534977,60,58.869,3.953,294623,35903,252.967,16.987,8.206,1517.805
2184.928,3535037,60,58.941,3.892,294628,34063,256.957,16.966,8.650,1541.743
2185.940,3535097,60,59.239,3.965,294633,35903,252.193,16.881,8.206,1513.158
2186.972,3535157,60,58.157,3.831,294638,34064,261.022,17.195,8.650,1566.131
2187.998,3535217,60,58.460,3.857,294643,35905,259.292,17.106,8.206,1555.755
2189.008,3535277,60,59.439,3.959,294648,34066,252.561,16.824,8.649,1515.364
2190.023,3535337,60,59.105,3.973,294653,35905,251.685,16.919,8.206,1510.108
2191.032,3535397,60,59.488,3.982,294658,34067,251.124,16.810,8.649,1506.741
2192.271,3535471,60,59.733,4.053,294666,35907,246.740,16.741,8.206,1480.441
2193.293,3535531,60,58.658,3.935,294671,35909,254.152,17.048,8.206,1524.912
2194.317,3535591,60,58.621,3.939,294676,35907,253.896,17.059,8.207,1523.376
2195.329,3535651,60,59.266,3.950,294681,35910,253.155,16.873,8.206,1518.929
2196.351,3535711,60,58.736,3.902,294686,35909,256.265,17.025,8.206,1537.591
2197.362,3535771,60,59.344,3.956,294691,35912,252.781,16.851,8.206,1516.685
2198.605,3535845,60,59.507,4.086,294701,34069,244.732,16.805,8.650,1468.393
2199.621,3535905,60,59.079,3.937,294706,35913,254.008,16.926,8.206,1524.050
2200.633,3535965,60,59.274,3.951,294711,34071,253.121,16.871,8.650,1518.727
2201.652,3536025,60,58.874,3.924,294716,35915,254.813,16.985,8.206,1528.875
2202.674,3536085,60,58.718,3.928,294721,34072,254.575,17.031,8.650,1527.451
2203.703,3536145,60,58.342,3.841,294726,35915,260.344,17.140,8.206,1562.066
2204.726,3536205,60,58.640,3.878,294731,34073,257.858,17.053,8.650,1547.150
2205.741,3536265,60,59.086,3.937,294736,35917,254.012,16.924,8.206,1524.073
2206.761,3536325,60,58.858,3.938,294741,34074,253.951,16.990,8.650,1523.704
2207.778,3536385,60,58.999,3.950,294746,35917,253.193,16.949,8.206,1519.159
2208.797,3536445,60,58.879,3.926,294751,34076,254.693,16.984,8.650,1528.160
2209.807,3536505,60,59.406,3.979,294756,35919,251.304,16.833,8.206,1507.825
2210.828,3536565,60,58.760,3.944,294761,34077,253.553,17.019,8.650,1521.316
2211.839,3536625,60,59.325,3.934,294766,35919,254.212,16.856,8.206,1525.274
2212.855,3536685,60,59.072,3.927,294771,34078,254.618,16.929,8.650,1527.706
2213.889,3536745,60,58.021,3.897,294776,35922,256.626,17.235,8.206,1539.758
2214.915,3536805,60,58.471,3.956,294781,34080,252.755,17.103,8.650,1516.527
2215.935,3536865,60,58.830,3.902,294786,35922,256.309,16.998,8.206,1537.852
2216.953,3536925,60,58.968,3.973,294791,34080,251.727,16.958,8.650,1510.364
2217.961,3536985,60,59.473,3.953,294796,35924,252.981,16.814,8.206,1517.888
2218.978,3537045,60,59.048,3.967,294801,34082,252.085,16.935,8.650,1512.512
2220.024,3537105,60,57.345,3.722,294806,35925,268.682,17.438,8.206,1612.093
2221.049,3537165,60,58.528,3.924,294811,34082,254.835,17.086,8.650,1529.013
2222.065,3537225,60,59.068,3.942,294816,35926,253.694,16.930,8.206,1522.162
2223.073,3537285,60,59.511,3.964,294821,34084,252.249,16.803,8.650,1513.494
2224.099,3537345,60,58.502,3.858,294826,35927,259.203,17.093,8.206,1555.215
2225.114,3537405,60,59.107,3.940,294831,34084,253.835,16.919,8.650,1523.007
2226.131,3537465,60,58.960,3.902,294836,35928,256.300,16.961,8.206,1537.798
2227.155,3537525,60,58.637,3.925,294841,34086,254.777,17.054,8.650,1528.665
2228.168,3537585,60,59.194,3.945,294846,35930,253.493,16.894,8.206,1520.957
2229.180,3537645,60,59.273,3.934,294851,34086,254.175,16.871,8.650,1525.051
2230.190,3537705,60,59.409,3.964,294856,35931,252.262,16.832,8.206,1513.572
2231.201,3537765,60,59.344,3.953,294861,34089,252.991,16.851,8.650,1517.943
2232.223,3537825,60,58.759,3.904,294866,35933,256.173,17.019,8.206,1537.036
2233.227,3537885,60,59.725,3.979,294871,34089,251.298,16.743,8.650,1507.789
2234.239,3537944,60,58.299,3.941,294869,35933,253.744,17.153,8.206,1522.462
2235.256,3538004,60,58.997,3.925,294874,34091,254.751,16.950,8.650,1528.505
2236.271,3538064,60,59.107,3.938,294879,35935,253.904,16.918,8.206,1523.427
2237.292,3538124,60,58.785,3.905,294884,34092,256.074,17.011,8.650,1536.444
2238.310,3538184,60,58.939,3.921,294889,35935,255.039,16.967,8.206,1530.235
2239.323,3538244,60,59.212,3.944,294894,34093,253.559,16.888,8.650,1521.352
2240.335,3538304,60,59.284,3.926,294899,35937,254.722,16.868,8.206,1528.331
2241.346,3538364,60,59.364,3.951,294904,34094,253.090,16.845,8.650,1518.539
2242.368,3538424,60,58.708,3.929,294909,35937,254.535,17.034,8.206,1527.211
2243.387,3538484,60,58.902,3.889,294914,34095,257.155,16.977,8.650,1542.929
2244.402,3538544,60,59.090,3.974,294919,35939,251.621,16.923,8.206,1509.725
2245.417,3538604,60,59.113,3.903,294924,34097,256.223,16.917,8.650,1537.335
2246.434,3538664,60,58.995,3.936,294929,35939,254.084,16.950,8.206,1524.504
2247.447,3538724,60,59.248,3.966,294934,34098,252.142,16.878,8.650,1512.855
2248.454,3538784,60,59.570,3.998,294939,35941,250.136,16.787,8.206,1500.814
2249.467,3538844,60,59.250,3.951,294944,34100,253.101,16.878,8.649,1518.606
2250.521,3538904,60,56.907,3.665,294949,35942,272.845,17.573,8.206,1637.069
2251.537,3538964,60,59.069,3.920,294954,34100,255.095,16.929,8.650,1530.572
2252.554,3539024,60,58.996,3.934,294959,35944,254.210,16.950,8.206,1525.257
2253.564,3539084,60,59.388,3.958,294964,34102,252.639,16.838,8.649,1515.833
2254.583,3539144,60,58.888,3.963,294969,35945,252.348,16.981,8.206,1514.091
2255.595,3539204,60,59.269,3.928,294974,34102,254.583,16.872,8.650,1527.501
2256.608,3539264,60,59.268,3.970,294979,35947,251.901,16.873,8.206,1511.408
2257.631,3539324,60,58.660,3.924,294984,34104,254.871,17.047,8.650,1529.227
2258.655,3539384,60,58.550,3.868,294989,35948,258.535,17.079,8.206,1551.211
2259.828,3539444,60,51.182,3.330,294994,34104,300.273,19.538,8.650,1801.638
2260.972,3539504,60,52.411,3.374,294999,35949,296.341,19.080,8.206,1778.046
2262.092,3539564,60,53.576,3.660,295004,34106,273.241,18.665,8.650,1639.448
2263.124,3539624,60,58.167,3.970,295009,35951,251.916,17.192,8.206,1511.493
2264.151,3539684,60,58.409,3.826,295014,34106,261.352,17.121,8.650,1568.111
2265.171,3539744,60,58.853,3.934,295019,35952,254.195,16.991,8.206,1525.169
2266.179,3539804,60,59.490,3.968,295024,34108,252.025,16.809,8.650,1512.148
2267.203,3539864,60,58.591,3.928,295029,35954,254.570,17.068,8.206,1527.421
2268.227,3539924,60,58.582,3.902,295034,34109,256.251,17.070,8.650,1537.505
2269.249,3539984,60,58.717,3.944,295039,35954,253.575,17.031,8.206,1521.449
2270.257,3540044,60,59.529,3.986,295044,34110,250.880,16.799,8.650,1505.280
2271.273,3540104,60,59.093,3.952,295049,35956,253.027,16.922,8.206,1518.163
2272.291,3540164,60,58.915,3.940,295054,34111,253.789,16.974,8.650,1522.737
2273.323,3540224,60,58.150,3.889,295059,35956,257.107,17.197,8.206,1542.642
2274.353,3540284,60,58.231,3.884,295064,34113,257.474,17.173,8.650,1544.846
2275.377,3540344,60,58.601,3.946,295069,35958,253.452,17.065,8.206,1520.710
2276.399,3540404,60,58.723,3.916,295074,34114,255.359,17.029,8.650,1532.155
2277.424,3540464,60,58.500,3.919,295079,35958,255.158,17.094,8.206,1530.948
2278.451,3540524,60,58.441,3.877,295084,34115,257.937,17.111,8.650,1547.623
2279.464,3540584,60,59.260,3.974,295089,35961,251.613,16.875,8.206,1509.677
2280.495,3540644,60,58.173,3.865,295094,34117,258.704,17.190,8.649,1552.222
2281.512,3540704,60,58.966,3.957,295099,35961,252.727,16.959,8.206,1516.363
2282.528,3540764,60,59.085,3.959,295104,34117,252.563,16.925,8.650,1515.376
2283.545,3540824,60,58.987,3.935,295109,35963,254.143,16.953,8.206,1524.856
2284.572,3540884,60,58.446,3.882,295114,34119,257.623,17.110,8.650,1545.736
2285.586,3540944,60,59.154,3.949,295119,35964,253.201,16.905,8.206,1519.203
2286.591,3541004,60,59.682,3.994,295124,34119,250.353,16.755,8.650,1502.117
2287.603,3541064,60,59.280,3.951,295129,35965,253.088,16.869,8.206,1518.526
2288.619,3541124,60,59.069,3.953,295134,34121,252.960,16.929,8.650,1517.760
2289.658,3541184,60,57.771,3.796,295139,35966,263.438,17.310,8.206,1580.628
2290.683,3541244,60,58.532,3.969,295144,34121,251.977,17.085,8.650,1511.864
2291.697,3541304,60,59.175,3.922,295149,35967,254.981,16.899,8.206,1529.888
2292.717,3541364,60,58.790,3.898,295154,34123,256.544,17.010,8.650,1539.264
2293.729,3541424,60,59.291,3.936,295159,35969,254.067,16.866,8.206,1524.401
2294.766,3541484,60,57.895,3.846,295164,34123,260.003,17.273,8.650,1560.019
2295.788,3541544,60,58.682,3.893,295169,35970,256.862,17.041,8.206,1541.174
2296.817,3541604,60,58.316,3.862,295174,34126,258.962,17.148,8.650,1553.769
2297.831,3541664,60,59.175,3.956,295179,35972,252.769,16.899,8.206,1516.612
2298.849,3541724,60,58.950,3.936,295184,34126,254.037,16.964,8.650,1524.220
2299.876,3541784,60,58.400,3.881,295189,35972,257.642,17.123,8.206,1545.854
2300.893,3541844,60,59.027,3.938,295194,34128,253.956,16.941,8.650,1523.737
2301.906,3541904,60,59.192,3.942,295199,35974,253.647,16.894,8.206,1521.880
2302.921,3541964,60,59.106,3.927,295204,34129,254.630,16.919,8.650,1527.780
2303.939,3542024,60,58.971,3.935,295209,35974,254.105,16.958,8.206,1524.627
2304.969,3542084,60,58.239,3.870,295214,34130,258.417,17.171,8.650,1550.501
2305.996,3542144,60,58.411,3.866,295219,35976,258.658,17.120,8.206,1551.946
2307.018,3542204,60,58.728,3.918,295224,34131,255.241,17.028,8.650,1531.449
2308.042,3542264,60,58.601,3.895,295229,35976,256.768,17.065,8.206,1540.609
2309.061,3542324,60,58.853,3.934,295234,34132,254.209,16.991,8.650,1525.255
2310.082,3542384,60,58.788,3.908,295239,35978,255.882,17.010,8.206,1535.291
2311.101,3542444,60,58.888,3.934,295244,34134,254.171,16.981,8.650,1525.029
2312.115,3542504,60,59.151,3.941,295249,35978,253.753,16.906,8.206,1522.519
2313.134,3542564,60,58.899,3.903,295254,34135,256.197,16.978,8.650,1537.180
2314.137,3542624,60,59.845,3.991,295259,35980,250.549,16.710,8.206,1503.295
2315.165,3542684,60,58.357,3.950,295264,34137,253.173,17.136,8.649,1519.035
2316.171,3542744,60,59.601,3.973,295269,35981,251.724,16.778,8.206,1510.347
2317.179,3542804,60,59.537,3.971,295274,34137,251.795,16.796,8.650,1510.767
2318.192,3542864,60,59.266,3.949,295279,35983,253.260,16.873,8.206,1519.559
2319.213,3542924,60,58.755,3.924,295284,34139,254.817,17.020,8.649,1528.904
2320.460,3542998,60,59.318,3.970,295284,35983,251.862,16.858,8.206,1511.173
2321.480,3543058,60,58.864,3.914,295289,35985,255.494,16.988,8.206,1532.961
2322.490,3543118,60,59.358,3.987,295294,35985,250.819,16.847,8.206,1504.915
2323.499,3543178,60,59.459,3.970,295299,35987,251.903,16.818,8.206,1511.418
2324.514,3543238,60,59.147,3.991,295304,35986,250.533,16.907,8.206,1503.197
2325.522,3543298,60,59.519,3.988,295309,35987,250.754,16.801,8.206,1504.527
2326.548,3543358,60,58.473,3.948,295314,35988,253.304,17.102,8.206,1519.824
2327.570,3543418,60,58.712,3.910,295319,35989,255.784,17.032,8.206,1534.706
2328.594,3543478,60,58.589,3.910,295324,35989,255.726,17.068,8.206,1534.358
2329.616,3543538,60,58.709,3.915,295329,35989,255.441,17.033,8.206,1532.645
2330.657,3543598,60,57.635,3.872,295334,35990,258.258,17.351,8.206,1549.547
2331.695,3543658,60,57.783,3.867,295339,35992,258.587,17.306,8.206,1551.519
2332.718,3543718,60,58.686,3.912,295344,35992,255.651,17.040,8.206,1533.908
2333.744,3543778,60,58.500,3.952,295349,35992,253.062,17.094,8.206,1518.373
2334.763,3543838,60,58.853,3.906,295354,35993,255.985,16.991,8.206,1535.911
2335.782,3543898,60,58.877,3.964,295359,35994,252.292,16.985,8.206,1513.754
2336.800,3543958,60,58.944,3.929,295364,35995,254.498,16.965,8.206,1526.986
2337.811,3544018,60,59.332,3.954,295369,35995,252.927,16.854,8.206,1517.562
2338.826,3544078,60,59.104,3.948,295374,35995,253.300,16.919,8.206,1519.799
2339.844,3544138,60,58.936,3.929,295379,35996,254.534,16.968,8.206,1527.205
2340.869,3544198,60,58.574,3.883,295384,35997,257.550,17.073,8.206,1545.298
2341.889,3544258,60,58.837,3.920,295389,35997,255.120,16.996,8.206,1530.721
2342.905,3544318,60,59.008,3.938,295394,35997,253.906,16.947,8.206,1523.438
2343.937,3544378,60,58.168,3.835,295399,35998,260.770,17.192,8.206,1564.621
2344.993,3544438,60,56.831,3.634,295404,35999,275.195,17.596,8.206,1651.171
2346.004,3544498,60,59.305,3.962,295409,36000,252.391,16.862,8.206,1514.345
2347.028,3544558,60,58.598,3.895,295414,35999,256.744,17.065,8.206,1540.461
2348.047,3544618,60,58.888,3.919,295419,36001,255.187,16.981,8.206,1531.124
2349.056,3544678,60,59.480,3.960,295424,36002,252.532,16.812,8.206,1515.194
2350.065,3544738,60,59.461,3.956,295429,36003,252.757,16.818,8.206,1516.540
2351.084,3544798,60,58.883,3.909,295434,36002,255.837,16.983,8.206,1535.022
2352.102,3544858,60,58.932,3.931,295439,36003,254.396,16.969,8.206,1526.377
2353.112,3544918,60,59.437,3.952,295444,36004,253.043,16.825,8.206,1518.258
2354.124,3544978,60,59.272,3.942,295449,36005,253.704,16.871,8.206,1522.225
2355.146,3545038,60,58.714,3.882,295454,36005,257.586,17.032,8.206,1545.517
2356.163,3545098,60,58.955,3.950,295459,36005,253.179,16.962,8.206,1519.075
2357.184,3545158,60,58.790,3.918,295464,36006,255.260,17.010,8.206,1531.560
2358.205,3545218,60,58.788,3.933,295469,36007,254.227,17.010,8.206,1525.362
2359.231,3545278,60,58.488,3.900,295474,36007,256.404,17.098,8.206,1538.425
2360.252,3545338,60,58.715,3.916,295479,36007,255.370,17.031,8.206,1532.218
2361.276,3545398,60,58.638,3.906,295484,36008,255.988,17.054,8.206,1535.930
2362.327,3545458,60,57.089,3.881,295489,36009,257.640,17.517,8.206,1545.843
2363.350,3545518,60,58.609,3.894,295494,36010,256.800,17.062,8.206,1540.802
2364.368,3545578,60,58.957,3.912,295499,36009,255.648,16.962,8.206,1533.889
2365.401,3545638,60,58.072,3.855,295504,36011,259.394,17.220,8.206,1556.362
2366.421,3545698,60,58.829,3.914,295509,36011,255.494,16.998,8.206,1532.961
2367.448,3545758,60,58.409,3.882,295514,36013,257.598,17.121,8.206,1545.585
2368.466,3545818,60,58.983,3.947,295519,36012,253.353,16.954,8.206,1520.117
2369.483,3545878,60,59.002,3.936,295524,36013,254.087,16.949,8.206,1524.524
2370.507,3545938,60,58.553,3.905,295529,36014,256.077,17.078,8.206,1536.460
2371.518,3545998,60,59.372,3.931,295534,36015,254.417,16.843,8.206,1526.504
2372.534,3546058,60,59.025,3.941,295539,36015,253.762,16.942,8.206,1522.570
2373.782,3546132,60,59.336,4.036,295552,34170,247.742,16.853,8.649,1486.454
2374.835,3546192,60,56.933,3.909,295557,36016,255.820,17.564,8.206,1534.920
2375.851,3546252,60,59.073,3.932,295562,34172,254.299,16.928,8.649,1525.793
2376.871,3546312,60,58.840,3.884,295567,36017,257.492,16.995,8.206,1544.950
2377.879,3546372,60,59.531,3.974,295572,34172,251.650,16.798,8.650,1509.898
2378.884,3546432,60,59.669,3.981,295577,36019,251.164,16.759,8.206,1506.981
2379.902,3546492,60,58.976,3.934,295582,34174,254.207,16.956,8.649,1525.244
2380.911,3546552,60,59.444,3.978,295587,36020,251.363,16.823,8.206,1508.179
2381.934,3546612,60,58.629,3.877,295592,34174,257.958,17.056,8.650,1547.749
2382.937,3546672,60,59.840,3.993,295597,36021,250.426,16.711,8.206,1502.555
2383.947,3546732,60,59.403,3.953,295602,34176,252.978,16.834,8.649,1517.867
2384.972,3546792,60,58.517,3.916,295607,36023,255.346,17.089,8.206,1532.077
2385.983,3546852,60,59.352,3.960,295612,34176,252.510,16.849,8.650,1515.060
2386.996,3546912,60,59.255,3.907,295617,36024,255.929,16.876,8.206,1535.575
2388.015,3546972,60,58.882,3.929,295622,34178,254.502,16.983,8.649,1527.013
2389.029,3547032,60,59.142,3.944,295627,36026,253.540,16.908,8.206,1521.239
2390.050,3547092,60,58.785,3.906,295632,34179,256.030,17.011,8.650,1536.181
2391.054,3547152,60,59.735,3.985,295637,36026,250.917,16.740,8.206,1505.504
2392.067,3547212,60,59.273,3.956,295642,34180,252.764,16.871,8.650,1516.587
2393.096,3547272,60,58.315,3.963,295647,36028,252.363,17.148,8.206,1514.180
2394.168,3547332,60,55.956,3.711,295652,34181,269.456,17.871,8.650,1616.734
2395.215,3547392,60,57.295,3.761,295657,36028,265.916,17.453,8.206,1595.494
2396.233,3547452,60,58.954,3.946,295662,34183,253.433,16.963,8.649,1520.598
2397.243,3547512,60,59.373,3.976,295667,36030,251.484,16.843,8.206,1508.905
2398.255,3547572,60,59.294,3.944,295672,34184,253.579,16.865,8.649,1521.475
2399.262,3547632,60,59.600,3.985,295677,36030,250.946,16.778,8.206,1505.677
2400.275,3547692,60,59.237,3.985,295682,34185,250.915,16.881,8.649,1505.490
2401.285,3547752,60,59.396,3.976,295687,36033,251.539,16.836,8.206,1509.233
2402.300,3547812,60,59.088,3.962,295692,34187,252.378,16.924,8.649,1514.267
2403.310,3547872,60,59.444,3.976,295697,36033,251.501,16.823,8.206,1509.005
2404.319,3547932,60,59.474,3.985,295702,34187,250.945,16.814,8.650,1505.671
2405.335,3547992,60,59.039,3.952,295707,36035,253.049,16.938,8.206,1518.295
2406.350,3548052,60,59.091,3.923,295712,34189,254.908,16.923,8.649,1529.447
2407.363,3548112,60,59.219,3.984,295717,36036,250.987,16.886,8.206,1505.919
2408.400,3548172,60,57.913,3.963,295722,34189,252.338,17.267,8.650,1514.030
2409.413,3548232,60,59.186,3.955,295727,36037,252.865,16.896,8.206,1517.192
2410.427,3548292,60,59.204,3.963,295732,34191,252.331,16.891,8.649,1513.983
2411.448,3548352,60,58.751,3.925,295737,36038,254.781,17.021,8.206,1528.687
2412.459,3548412,60,59.349,3.956,295742,34191,252.778,16.849,8.650,1516.667
2413.484,3548472,60,58.552,3.931,295747,36039,254.391,17.079,8.206,1526.346
2414.494,3548532,60,59.388,3.944,295752,34193,253.570,16.838,8.649,1521.419
2415.516,3548592,60,58.701,3.886,295757,36041,257.331,17.035,8.206,1543.988
2416.539,3548652,60,58.650,3.936,295762,34193,254.057,17.050,8.650,1524.341
2417.548,3548712,60,59.497,3.964,295767,36042,252.262,16.808,8.206,1513.570
2418.556,3548772,60,59.470,3.952,295772,34196,253.036,16.815,8.649,1518.217
2419.569,3548832,60,59.251,3.967,295777,36044,252.061,16.877,8.206,1512.368
2420.580,3548892,60,59.377,3.954,295782,34196,252.911,16.842,8.650,1517.464
2421.599,3548952,60,58.884,3.956,295787,36044,252.767,16.983,8.206,1516.604
2422.611,3549012,60,59.259,3.927,295792,34198,254.629,16.875,8.649,1527.776
2423.622,3549072,60,59.341,3.950,295797,36046,253.135,16.852,8.206,1518.810
2424.641,3549132,60,58.887,3.921,295802,34199,255.038,16.982,8.649,1530.229
2425.666,3549192,60,58.543,3.851,295807,36046,259.640,17.081,8.206,1557.838
2426.683,3549252,60,58.993,3.935,295812,34200,254.151,16.951,8.649,1524.905
2427.701,3549312,60,58.946,3.915,295817,36048,255.449,16.965,8.206,1532.696
2428.726,3549372,60,58.527,3.899,295822,34201,256.502,17.086,8.650,1539.015
2429.752,3549432,60,58.492,3.937,295827,36048,253.983,17.096,8.206,1523.896
2430.771,3549492,60,58.859,3.898,295832,34202,256.518,16.990,8.650,1539.106
2431.792,3549552,60,58.781,3.934,295837,36050,254.215,17.012,8.206,1525.292
2432.812,3549612,60,58.821,3.912,295842,34204,255.627,17.001,8.649,1533.761
2433.826,3549672,60,59.149,3.921,295847,36050,255.064,16.907,8.207,1530.387
2434.877,3549732,60,57.109,3.705,295852,34205,269.888,17.510,8.649,1619.327
2435.903,3549792,60,58.484,3.916,295857,36052,255.335,17.099,8.206,1532.007
2436.921,3549852,60,58.961,3.908,295862,34207,255.870,16.960,8.649,1535.219
2437.934,3549912,60,59.178,3.953,295867,36053,252.995,16.898,8.206,1517.972
2438.951,3549972,60,59.005,3.912,295872,34207,255.628,16.948,8.649,1533.766
2439.967,3550032,60,59.073,3.918,295877,36055,255.202,16.928,8.206,1531.211
2440.983,3550092,60,59.051,3.930,295882,34209,254.438,16.934,8.649,1526.628
2442.000,3550152,60,59.024,3.916,295887,36056,255.385,16.942,8.206,1532.312
2443.009,3550212,60,59.460,3.956,295892,34209,252.788,16.818,8.650,1516.729
2444.034,3550272,60,58.538,3.880,295897,36058,257.715,17.083,8.206,1546.288
2445.056,3550332,60,58.669,3.913,295902,34211,255.584,17.045,8.649,1533.505
2446.076,3550392,60,58.851,3.961,295907,36059,252.433,16.992,8.206,1514.596
2447.096,3550452,60,58.814,3.904,295912,34211,256.122,17.003,8.650,1536.730
2448.109,3550512,60,59.226,3.943,295917,36060,253.602,16.885,8.206,1521.615
2449.122,3550572,60,59.231,3.966,295922,34213,252.149,16.883,8.649,1512.896
2450.138,3550632,60,59.070,3.957,295927,36062,252.687,16.929,8.206,1516.124
2451.146,3550692,60,59.519,3.987,295932,34213,250.821,16.801,8.650,1504.926
2452.162,3550752,60,59.043,3.898,295937,36063,256.525,16.937,8.206,1539.151
2453.188,3550812,60,58.517,3.842,295942,34215,260.290,17.089,8.649,1561.740
2454.203,3550872,60,59.062,3.948,295947,36065,253.324,16.931,8.206,1519.943
2455.229,3550932,60,58.514,3.891,295952,34216,256.980,17.090,8.650,1541.878
2456.252,3550992,60,58.652,3.927,295957,36065,254.657,17.050,8.206,1527.939
2457.273,3551052,60,58.771,3.943,295962,34217,253.607,17.015,8.650,1521.641
2458.292,3551112,60,58.865,3.923,295967,36067,254.937,16.988,8.206,1529.623
2459.312,3551172,60,58.847,3.948,295972,34218,253.324,16.993,8.650,1519.944
2460.332,3551232,60,58.778,3.883,295977,36067,257.547,17.013,8.206,1545.283
2461.340,3551292,60,59.534,3.951,295982,34220,253.087,16.797,8.649,1518.523
2462.356,3551352,60,59.056,3.951,295987,36069,253.094,16.933,8.206,1518.566
2463.371,3551412,60,59.141,3.964,295992,34221,252.243,16.909,8.649,1513.457
2464.378,3551472,60,59.555,3.987,295997,36069,250.793,16.791,8.206,1504.759
2465.417,3551532,60,57.759,3.987,296002,34222,250.812,17.313,8.649,1504.871
2466.436,3551592,60,58.891,3.980,296007,36072,251.265,16.980,8.206,1507.593
2467.454,3551652,60,58.911,3.959,296012,34224,252.594,16.975,8.649,1515.565
2468.470,3551712,60,59.050,3.921,296017,36072,255.042,16.935,8.206,1530.251
2469.481,3551772,60,59.392,3.961,296022,34224,252.491,16.837,8.650,1514.944
2470.492,3551832,60,59.314,3.973,296027,36074,251.718,16.859,8.206,1510.305
2471.508,3551892,60,59.068,3.927,296032,34226,254.645,16.930,8.649,1527.871
2472.522,3551952,60,59.156,3.956,296037,36075,252.769,16.905,8.206,1516.614
2473.551,3552012,60,58.318,3.858,296042,34226,259.213,17.147,8.650,1555.275
2474.598,3552072,60,57.295,3.967,296047,36076,252.054,17.453,8.206,1512.325
2475.629,3552132,60,58.216,3.828,296052,34228,261.265,17.177,8.649,1567.588
2476.644,3552192,60,59.106,3.903,296057,36077,256.223,16.919,8.206,1537.340
2477.668,3552252,60,58.594,3.921,296062,34228,255.028,17.067,8.650,1530.166
2478.699,3552312,60,58.196,3.916,296067,36078,255.380,17.183,8.206,1532.281
2479.710,3552372,60,59.340,3.939,296072,34230,253.882,16.852,8.649,1523.293
2480.720,3552432,60,59.412,3.953,296077,36080,253.000,16.832,8.206,1518.000
2481.736,3552492,60,59.073,3.929,296082,34230,254.550,16.928,8.650,1527.300
2482.751,3552552,60,59.072,3.921,296087,36081,255.047,16.928,8.206,1530.283
2483.776,3552612,60,58.539,3.933,296092,34233,254.242,17.083,8.649,1525.452
2484.786,3552672,60,59.442,3.951,296097,36083,253.084,16.823,8.206,1518.505
2485.804,3552732,60,58.910,3.892,296102,34233,256.934,16.975,8.650,1541.601
2486.818,3552792,60,59.163,3.960,296107,36083,252.538,16.902,8.206,1515.229
2487.835,3552852,60,58.998,3.908,296112,34235,255.914,16.950,8.649,1535.485
2488.854,3552912,60,58.902,3.932,296117,36085,254.333,16.977,8.206,1526.000
2489.882,3552972,60,58.357,3.932,296122,34236,254.328,17.136,8.649,1525.966
2490.904,3553032,60,58.695,3.866,296127,36085,258.637,17.037,8.206,1551.825
2491.924,3553092,60,58.877,3.923,296132,34237,254.916,16.985,8.649,1529.494
2492.944,3553152,60,58.825,3.928,296137,36087,254.587,17.000,8.206,1527.522
2493.957,3553212,60,59.182,3.925,296142,34238,254.760,16.897,8.650,1528.561
2494.979,3553272,60,58.738,3.974,296147,36087,251.658,17.025,8.206,1509.949
2496.002,3553332,60,58.631,3.862,296152,34239,258.945,17.056,8.650,1553.671
2497.017,3553392,60,59.136,3.965,296157,36089,252.192,16.910,8.206,1513.152
2498.026,3553452,60,59.467,3.947,296162,34241,253.360,16.816,8.649,1520.157
2499.045,3553512,60,58.878,3.924,296167,36089,254.831,16.984,8.207,1528.987
2500.060,3553572,60,59.121,3.969,296172,34242,251.931,16.915,8.649,1511.586
2501.075,3553632,60,59.094,3.969,296177,36091,251.938,16.922,8.206,1511.625
2502.094,3553692,60,58.906,3.901,296182,34244,256.318,16.976,8.649,1537.910
2503.104,3553752,60,59.383,3.977,296187,36092,251.424,16.840,8.206,1508.545
2504.130,3553812,60,58.485,3.915,296192,34244,255.417,17.099,8.649,1532.504
2505.143,3553872,60,59.194,3.929,296197,36094,254.507,16.894,8.206,1527.041
2506.166,3553932,60,58.700,3.890,296202,34246,257.044,17.036,8.649,1542.264
2507.185,3553992,60,58.846,3.902,296207,36095,256.272,16.994,8.206,1537.630
2508.201,3554052,60,59.061,3.965,296212,34246,252.205,16.932,8.650,1513.230
2509.220,3554112,60,58.873,3.952,296217,36097,253.047,16.986,8.206,1518.281
2510.234,3554172,60,59.161,3.938,296222,34248,253.949,16.903,8.649,1523.696
2511.244,3554232,60,59.435,3.985,296227,36098,250.943,16.825,8.206,1505.660
2512.255,3554292,60,59.336,3.964,296232,34248,252.242,16.853,8.650,1513.451
2513.277,3554352,60,58.708,3.886,296237,36099,257.365,17.034,8.206,1544.188
2514.296,3554412,60,58.864,3.914,296242,34250,255.466,16.988,8.649,1532.796
2515.315,3554472,60,58.905,3.942,296247,36101,253.681,16.976,8.206,1522.088
2516.348,3554532,60,58.065,3.855,296252,34250,259.376,17.222,8.650,1556.255
2517.360,3554592,60,59.315,3.959,296257,36102,252.616,16.859,8.206,1515.694
2518.376,3554652,60,59.048,3.914,296262,34252,255.473,16.935,8.649,1532.839
2519.390,3554712,60,59.157,3.966,296267,36104,252.113,16.904,8.206,1512.679
2520.423,3554772,60,58.120,3.879,296272,34253,257.820,17.206,8.650,1546.921
2521.438,3554832,60,59.075,3.942,296277,36104,253.697,16.928,8.206,1522.183
2522.458,3554892,60,58.847,3.919,296282,34254,255.160,16.993,8.650,1530.961
2523.469,3554952,60,59.328,3.960,296287,36106,252.512,16.855,8.206,1515.069
2524.497,3555012,60,58.404,3.837,296292,34255,260.625,17.122,8.650,1563.751
2525.531,3555072,60,58.015,3.980,296297,36106,251.237,17.237,8.206,1507.423
2526.559,3555132,60,58.338,3.937,296302,34257,253.999,17.141,8.649,1523.991
2527.571,3555192,60,59.292,3.953,296307,36108,252.946,16.866,8.206,1517.674
2528.581,3555252,60,59.440,3.950,296312,34258,253.143,16.824,8.649,1518.856
2529.595,3555312,60,59.141,3.900,296317,36108,256.399,16.909,8.206,1538.395
2530.611,3555372,60,59.051,3.942,296322,34259,253.666,16.934,8.649,1521.996
2531.632,3555432,60,58.763,3.949,296327,36111,253.205,17.017,8.206,1519.228
2532.652,3555492,60,58.828,3.914,296332,34261,255.485,16.999,8.649,1532.912
2533.664,3555552,60,59.289,3.948,296337,36111,253.303,16.867,8.206,1519.816
2534.695,3555612,60,58.186,3.912,296342,34261,255.592,17.186,8.650,1533.551
2535.721,3555672,60,58.513,3.898,296347,36113,256.566,17.090,8.206,1539.399
2536.744,3555732,60,58.651,3.924,296352,34263,254.816,17.050,8.649,1528.895
2537.766,3555792,60,58.705,3.948,296357,36114,253.313,17.034,8.206,1519.877
2538.789,3555852,60,58.652,3.911,296362,34263,255.659,17.050,8.650,1533.955
2539.802,3555912,60,59.215,3.935,296367,36115,254.139,16.888,8.206,1524.837
2540.824,3555972,60,58.702,3.894,296372,34265,256.817,17.035,8.649,1540.901
2541.833,3556032,60,59.494,3.955,296377,36116,252.867,16.808,8.206,1517.203
2542.846,3556092,60,59.184,3.927,296382,34265,254.639,16.897,8.650,1527.833
2543.861,3556152,60,59.134,3.935,296387,36117,254.150,16.911,8.206,1524.901
2544.880,3556212,60,58.888,3.908,296392,34267,255.858,16.981,8.649,1535.147
2545.905,3556272,60,58.520,3.925,296397,36119,254.757,17.088,8.206,1528.539
2546.943,3556332,60,57.826,3.867,296402,34267,258.591,17.293,8.650,1551.547
2547.955,3556392,60,59.282,3.921,296407,36120,255.048,16.868,8.206,1530.288
2548.974,3556452,60,58.885,3.942,296412,34270,253.646,16.982,8.649,1521.879
2549.992,3556512,60,58.936,3.907,296417,36122,255.929,16.968,8.206,1535.574
2551.007,3556572,60,59.135,3.941,296422,34270,253.732,16.910,8.650,1522.392
2552.029,3556632,60,58.705,3.901,296427,36122,256.331,17.034,8.206,1537.986
2553.049,3556692,60,58.829,3.927,296432,34272,254.622,16.998,8.649,1527.732
2554.064,3556752,60,59.091,3.972,296437,36124,251.783,16.923,8.206,1510.700
2555.091,3556812,60,58.424,3.876,296442,34273,258.003,17.116,8.649,1548.021
2556.103,3556872,60,59.263,3.957,296447,36124,252.708,16.874,8.206,1516.246
2557.145,3556932,60,57.578,3.843,296452,34274,260.181,17.368,8.649,1561.086
2558.167,3556992,60,58.738,3.910,296457,36126,255.730,17.025,8.206,1534.382
2559.271,3557052,60,54.339,3.351,296462,34275,298.436,18.403,8.650,1790.614
2560.475,3557112,60,49.842,3.373,296467,36126,296.503,20.063,8.206,1779.019
2561.538,3557172,60,56.463,3.889,296472,34276,257.137,17.711,8.650,1542.821
2562.695,3557232,60,51.858,3.865,296477,36128,258.711,19.283,8.206,1552.267
2563.733,3557292,60,57.792,3.848,296482,34278,259.846,17.303,8.649,1559.078
2564.760,3557352,60,58.426,3.858,296487,36128,259.226,17.116,8.207,1555.356
2565.793,3557412,60,58.089,3.934,296492,34279,254.196,17.215,8.649,1525.175
2566.835,3557472,60,57.570,3.830,296497,36130,261.091,17.370,8.206,1566.548
2567.851,3557532,60,59.021,3.912,296502,34281,255.652,16.943,8.649,1533.910
2568.883,3557592,60,58.185,3.922,296507,36131,254.961,17.187,8.206,1529.764
2569.905,3557652,60,58.655,3.877,296512,34281,257.951,17.049,8.649,1547.704
2570.929,3557712,60,58.624,3.932,296517,36133,254.343,17.058,8.206,1526.060
2571.958,3557772,60,58.302,3.888,296522,34283,257.217,17.152,8.649,1543.300
2573.000,3557832,60,57.599,3.788,296527,36134,264.001,17.361,8.206,1584.006
2574.025,3557892,60,58.515,3.887,296532,34283,257.287,17.090,8.650,1543.720
2575.051,3557952,60,58.475,3.924,296537,36136,254.845,17.101,8.206,1529.070
2576.075,3558012,60,58.609,3.910,296542,34285,255.756,17.062,8.649,1534.538
2577.097,3558072,60,58.714,3.947,296547,36137,253.338,17.032,8.206,1520.028
2578.124,3558132,60,58.418,3.885,296552,34285,257.401,17.118,8.650,1544.404
2579.148,3558192,60,58.610,3.940,296557,36138,253.781,17.062,8.206,1522.684
2580.174,3558252,60,58.476,3.905,296562,34287,256.079,17.101,8.649,1536.477
2581.193,3558312,60,58.838,3.891,296567,36140,256.980,16.996,8.206,1541.883
2582.226,3558372,60,58.121,3.878,296572,34287,257.843,17.205,8.650,1547.060
2583.252,3558432,60,58.466,3.930,296577,36141,254.438,17.104,8.206,1526.625
2584.278,3558492,60,58.454,3.887,296582,34289,257.270,17.107,8.649,1543.621
2585.307,3558552,60,58.350,3.875,296587,36143,258.094,17.138,8.206,1548.562
2586.327,3558612,60,58.789,3.947,296592,34290,253.351,17.010,8.650,1520.103
2587.351,3558672,60,58.623,3.947,296597,36143,253.329,17.058,8.206,1519.972
2588.375,3558732,60,58.560,3.931,296602,34291,254.362,17.076,8.650,1526.172
2589.419,3558792,60,57.490,3.740,296607,36145,267.374,17.394,8.206,1604.247
2590.452,3558852,60,58.068,3.928,296612,34292,254.577,17.221,8.650,1527.460
2591.468,3558912,60,59.063,3.922,296617,36145,254.964,16.931,8.206,1529.784
2592.489,3558972,60,58.804,3.925,296622,34294,254.781,17.006,8.649,1528.689
2593.498,3559032,60,59.426,3.965,296627,36147,252.222,16.828,8.206,1513.330
2594.521,3559092,60,58.644,3.898,296632,34295,256.548,17.052,8.649,1539.285
2595.549,3559152,60,58.364,3.871,296637,36147,258.302,17.134,8.206,1549.812
2596.576,3559212,60,58.420,3.868,296642,34296,258.515,17.117,8.649,1551.088
2597.598,3559272,60,58.720,3.903,296647,36150,256.197,17.030,8.206,1537.183
2598.614,3559332,60,59.088,3.931,296652,34298,254.395,16.924,8.649,1526.367
2599.644,3559392,60,58.209,3.903,296657,36150,256.200,17.180,8.206,1537.202
2600.661,3559452,60,58.993,3.936,296662,34298,254.079,16.951,8.650,1524.474
2601.674,3559512,60,59.231,3.939,296667,36152,253.846,16.883,8.206,1523.076
2602.697,3559572,60,58.674,3.901,296672,34300,256.325,17.043,8.649,1537.947
2603.726,3559632,60,58.318,3.887,296677,36153,257.252,17.147,8.206,1543.513
2604.750,3559692,60,58.600,3.914,296682,34300,255.463,17.065,8.650,1532.779
2605.765,3559752,60,59.097,3.943,296687,36154,253.614,16.921,8.206,1521.685
2606.792,3559812,60,58.448,3.865,296692,34302,258.745,17.109,8.649,1552.470
2607.811,3559872,60,58.874,3.935,296697,36155,254.145,16.985,8.206,1524.873
2608.836,3559932,60,58.550,3.925,296702,34302,254.775,17.079,8.650,1528.650
2609.850,3559992,60,59.153,3.950,296707,36156,253.160,16.905,8.206,1518.963
2610.876,3560052,60,58.492,3.898,296712,34304,256.532,17.096,8.649,1539.193
2611.895,3560112,60,58.853,3.926,296717,36158,254.717,16.991,8.206,1528.299
2612.914,3560172,60,58.911,3.920,296722,34304,255.092,16.975,8.650,1530.549
2613.938,3560232,60,58.554,3.960,296727,36159,252.528,17.078,8.206,1515.169
2615.168,3560292,60,48.781,3.101,296732,34307,322.445,20.500,8.649,1934.669
2616.289,3560352,60,53.522,3.811,296737,36161,262.412,18.684,8.206,1574.472
2617.450,3560412,60,51.675,3.173,296742,34307,315.151,19.352,8.650,1890.905
2618.477,3560472,60,58.457,3.874,296747,36161,258.099,17.107,8.206,1548.592
2619.499,3560532,60,58.725,3.914,296752,34309,255.509,17.029,8.649,1533.056
2620.515,3560592,60,59.046,3.906,296757,36163,256.036,16.936,8.206,1536.217
2621.525,3560652,60,59.383,3.967,296762,34310,252.073,16.840,8.649,1512.438
2622.542,3560712,60,59.001,3.932,296767,36163,254.348,16.949,8.206,1526.087
2623.562,3560772,60,58.826,3.904,296772,34311,256.174,16.999,8.649,1537.044
2624.581,3560832,60,58.879,3.900,296777,36165,256.405,16.984,8.206,1538.429
2625.605,3560892,60,58.604,3.941,296782,34312,253.738,17.064,8.650,1522.430
2626.627,3560952,60,58.672,3.902,296787,36165,256.295,17.044,8.206,1537.768
2627.656,3561012,60,58.355,3.888,296792,34313,257.205,17.137,8.650,1543.231
2628.674,3561072,60,58.907,3.937,296797,36167,254.005,16.976,8.206,1524.032
2629.698,3561132,60,58.599,3.872,296802,34315,258.233,17.065,8.649,1549.400
2630.709,3561192,60,59.376,3.966,296807,36167,252.153,16.842,8.207,1512.916
2631.724,3561252,60,59.069,3.929,296812,34316,254.500,16.929,8.649,1526.997
2632.736,3561312,60,59.312,3.950,296817,36169,253.145,16.860,8.206,1518.871
2633.768,3561372,60,58.121,3.919,296822,34318,255.174,17.206,8.649,1531.043
2634.794,3561432,60,58.506,3.879,296827,36170,257.768,17.092,8.206,1546.607
2635.817,3561492,60,58.650,3.901,296832,34318,256.345,17.050,8.649,1538.067
2636.840,3561552,60,58.662,3.910,296837,36172,255.753,17.047,8.206,1534.516
2637.860,3561612,60,58.782,3.954,296842,34320,252.907,17.012,8.649,1517.443
2638.877,3561672,60,59.015,3.956,296847,36173,252.795,16.945,8.206,1516.768
2639.897,3561732,60,58.815,3.955,296852,34320,252.867,17.003,8.650,1517.199
2640.919,3561792,60,58.716,3.891,296857,36175,256.973,17.031,8.206,1541.836
2641.930,3561852,60,59.347,3.946,296862,34322,253.390,16.850,8.649,1520.341
2642.957,3561912,60,58.435,3.890,296867,36176,257.094,17.113,8.206,1542.565
2643.965,3561972,60,59.538,3.981,296872,34322,251.189,16.796,8.650,1507.132
2645.037,3562032,60,55.973,3.774,296877,36177,264.961,17.866,8.206,1589.766
2646.091,3562092,60,56.910,3.866,296882,34324,258.655,17.572,8.649,1551.932
2647.126,3562152,60,57.987,3.841,296887,36179,260.346,17.245,8.206,1562.073
2648.145,3562212,60,58.846,3.952,296892,34324,253.037,16.993,8.650,1518.224
2649.151,3562272,60,59.683,3.967,296897,36180,252.068,16.755,8.206,1512.408
2650.162,3562332,60,59.316,3.960,296902,34326,252.505,16.859,8.649,1515.028
2651.180,3562392,60,58.973,3.940,296907,36182,253.837,16.957,8.206,1523.024
2652.195,3562452,60,59.080,3.928,296912,34327,254.580,16.926,8.650,1527.477
2653.217,3562512,60,58.734,3.941,296917,36182,253.741,17.026,8.206,1522.444
2654.245,3562572,60,58.334,3.888,296922,34328,257.172,17.143,8.650,1543.030
2655.264,3562632,60,58.897,3.924,296927,36184,254.817,16.979,8.206,1528.904
2656.289,3562692,60,58.560,3.896,296932,34329,256.655,17.076,8.650,1539.931
2657.310,3562752,60,58.763,3.881,296937,36184,257.682,17.018,8.206,1546.089
2658.331,3562812,60,58.772,3.923,296942,34331,254.909,17.015,8.649,1529.451
2659.356,3562872,60,58.502,3.880,296947,36186,257.728,17.093,8.206,1546.370
2660.363,3562932,60,59.596,3.968,296952,34332,252.043,16.780,8.649,1512.256
2661.382,3562992,60,58.847,3.932,296957,36186,254.303,16.993,8.206,1525.820
2662.402,3563052,60,58.848,3.887,296962,34333,257.259,16.993,8.649,1543.556
2663.420,3563112,60,58.920,3.932,296967,36189,254.294,16.972,8.206,1525.766
2664.435,3563172,60,59.113,3.943,296972,34335,253.612,16.917,8.649,1521.670
2665.445,3563232,60,59.402,3.974,296977,36189,251.653,16.834,8.206,1509.915
2666.458,3563292,60,59.232,3.936,296982,34335,254.049,16.883,8.650,1524.297
2667.485,3563352,60,58.456,3.855,296987,36191,259.382,17.107,8.206,1556.293
2668.501,3563412,60,59.074,3.910,296992,34337,255.769,16.928,8.649,1534.614
2669.550,3563472,60,57.175,3.852,296997,36192,259.615,17.490,8.206,1557.691
